state_fips,csa_code,cbsa_code,urban_area_code,total_housing_units_2015,owner_occupied_2015,renter_occupied_2015,median_home_value_2015,median_gross_rent_2015,median_year_built_2015,median_rooms_2015,avg_household_size_2015,state_2015,total_housing_units_2016,owner_occupied_2016,renter_occupied_2016,median_home_value_2016,median_gross_rent_2016,median_year_built_2016,median_rooms_2016,avg_household_size_2016,state_2016,total_housing_units_2017,owner_occupied_2017,renter_occupied_2017,median_home_value_2017,median_gross_rent_2017,median_year_built_2017,median_rooms_2017,avg_household_size_2017,state_2017,total_housing_units_2018,owner_occupied_2018,renter_occupied_2018,median_home_value_2018,median_gross_rent_2018,median_year_built_2018,median_rooms_2018,avg_household_size_2018,state_2018,total_housing_units_2019,owner_occupied_2019,renter_occupied_2019,median_home_value_2019,median_gross_rent_2019,median_year_built_2019,median_rooms_2019,avg_household_size_2019,state_2019,total_housing_units_2020,owner_occupied_2020,renter_occupied_2020,median_home_value_2020,median_gross_rent_2020,median_year_built_2020,median_rooms_2020,avg_household_size_2020,total_housing_units_2021,owner_occupied_2021,renter_occupied_2021,median_home_value_2021,median_gross_rent_2021,median_year_built_2021,median_rooms_2021,avg_household_size_2021,total_housing_units_2022,owner_occupied_2022,renter_occupied_2022,median_home_value_2022,median_gross_rent_2022,median_year_built_2022,median_rooms_2022,avg_household_size_2022,total_housing_units_2023,owner_occupied_2023,renter_occupied_2023,median_home_value_2023,median_gross_rent_2023,median_year_built_2023,median_rooms_2023,avg_household_size_2023,state_name,state_abbr,census_region,census_division,land_area_sq_km,water_area_sq_km,county_count,zcta5_count
1,106836.0,12639510.0,4649205.0,2199147.0,1269029.0,579169.0,-19270066014.0,-69332978600.0,-9332099229.0,-13999996398.6,-6666665049.99,637.0,2209197.0,1267716.0,583230.0,-34601827432.0,-72666308035.0,-9998767762.0,-13333329718.0,-7333331720.49,637.0,2230999.0,1273105.0,583470.0,-37266239196.0,-75332970219.0,-9998767434.0,-15999996404.5,-9999998382.91,637.0,2244286.0,1275110.0,585032.0,-33930125067.0,-76666295400.0,-10665445511.0,-17333329744.7,-9333331720.02,637.0,2254833.0,1284649.0,583094.0,-33258458599.0,-77332952525.0,-12665451249.0,-17999996398.6,-9333331722.57,637.0,2270205.0,1306436.0,581950.0,-39924540361.0,-91999624368.0,-13998790147.0,-18666663036.8,-8666665043.36,2278457.0,1320555.0,582412.0,-51254505184.0,-97332932230.0,-29332123301.0,-32666663025.7,-20666664979.97,2296817.0,1347744.0,585358.0,-60578981107.0,-99332902323.0,-28665450603.0,-31999996355.1,-22666665029.9,2316118.0,1377017.0,592043.0,-56572544012.0,-103332893948.0,-30665456259.0,-33333329681.3,-23999998385.91,Alabama,AL,3,6,130158.267592,2767.857576,67,656
2,0.0,607340.0,203927.0,305858.0,158996.0,91812.0,-11967362688.0,-29333176377.0,-2666204495.0,-7333332344.5,-5333332611.43,474.0,306870.0,159301.0,90840.0,-17967357582.0,-40666513415.0,-3332873087.0,-7999999011.2,-4666665949.41,474.0,311607.0,160845.0,91617.0,-19300034614.0,-42666511525.0,-3999541729.0,-7333332340.9,-3999999285.64,474.0,313047.0,162159.0,91226.0,-19302141215.0,-42666508313.0,-3332872964.0,-6666665676.9,-4666665946.68,474.0,314550.0,162970.0,90290.0,-21302586112.0,-43999838734.0,-4666210204.0,-6666665673.1,-5333332605.59,474.0,316140.0,165342.0,89777.0,-23301625810.0,-49333177274.0,-3999541475.0,-5999999002.3,-5333332611.059999,322160.0,171207.0,89353.0,-31966508368.0,-61999848943.0,-5332862939.0,-10666665645.8,-7999999253.9,324026.0,175198.0,89164.0,-36630995231.0,-63999840846.0,-5332862845.0,-12666665648.9,-7999999275.14,325534.0,178362.0,89482.0,-39963409361.0,-65999840347.0,-5332862835.0,-14666665667.0,-9333332646.4,Alaska,AK,4,9,528457.601565,26107.37106,30,245
4,105841.0,14525240.0,10171390.0,2889623.0,1513585.0,897926.0,-15938832886.0,-32666364420.0,-9332558518.0,-12666664636.7,-8666665572.11,1616.0,2912526.0,1531671.0,916593.0,-19936107281.0,-33999686835.0,-7999221103.0,-10666664621.9,-8666665588.1,1616.0,2940854.0,1567175.0,914485.0,-22600333545.0,-36666348813.0,-8665889651.0,-11333331288.9,-9999998924.12,1616.0,2969939.0,1605879.0,917731.0,-22596773045.0,-38666341644.0,-8665893456.0,-12666664624.7,-9999998922.0,1616.0,3002241.0,1656495.0,914096.0,-21926352378.0,-36666326605.0,-8665895349.0,-12666664625.2,-9333332264.88,1616.0,3039684.0,1726965.0,915889.0,-25254432809.0,-42666324989.0,-9332563831.0,-12666664625.0,-8666665612.31,3056046.0,1765455.0,917600.0,-25246376308.0,-52666302797.0,-13332551825.0,-17333331250.9,-12666665613.93,3096888.0,1815145.0,923457.0,-26563546140.0,-55332940194.0,-14665883179.0,-17999997919.5,-12666665625.65,3141533.0,1872949.0,923229.0,-27885415771.0,-61999586191.0,-15332551636.0,-16666664572.8,-13333332307.61,Arizona,AZ,4,8,233557.023622,771.302242,15,416
5,50684.0,9190580.0,2115481.0,1334515.0,752151.0,385686.0,-16619921051.0,-86666398583.0,-7998863151.0,-9999996857.4,-5999998554.63,2930.0,1340841.0,749260.0,392005.0,-38619031129.0,-95999727364.0,-9998868993.0,-13333330207.6,-7333331897.29,2930.0,1353276.0,752455.0,394630.0,-42616851925.0,-100666392601.0,-10665537372.0,-15333330223.2,-8666665235.56,2930.0,1361574.0,756192.0,395723.0,-45282940589.0,-104666389262.0,-9998870558.0,-14666663545.1,-8666665235.17,2930.0,1369869.0,759306.0,398598.0,-47947587352.0,-102666381078.0,-8665531022.0,-15999996878.4,-8666665232.52,2930.0,1379477.0,770389.0,400052.0,-44612196622.0,-112666388744.0,-9998870238.0,-17333330202.7,-9333331862.26,1361791.0,765328.0,393234.0,-57941885142.0,-134666380126.0,-21998854022.0,-27999996781.6,-16666665147.9,1371613.0,775951.0,395803.0,-62600825804.0,-137999694285.0,-22665516526.0,-29999996777.7,-17333331833.03,1382587.0,786564.0,402714.0,-58596015410.0,-143333018867.0,-22665516349.0,-30666663443.1,-14666665186.48,Arkansas,AR,3,7,132162.079404,3009.150628,75,614
6,486704.0,60695760.0,51359377.0,13844499.0,6909033.0,5808524.0,-68651371556.0,-126664722517.0,-31996630195.0,-47333324577.8,-32666661813.73,10536.0,13910336.0,6928844.0,5878257.0,-95277374090.0,-145331341301.0,-29996623827.0,-49333324594.7,-30666661826.81,10536.0,13994799.0,7024196.0,5863624.0,-101229696080.0,-143997906923.0,-32663297936.0,-50666657926.8,-31999995155.24,10536.0,14083317.0,7085305.0,5879806.0,-93831410741.0,-147997812723.0,-30663379184.0,-47333324568.8,-34666661858.07,10536.0,14174502.0,7154457.0,5889553.0,-97782697735.0,-159331068233.0,-34663386768.0,-51333324577.3,-31999995203.45,10536.0,14209304.0,7241071.0,5861598.0,-101733043828.0,-165997649939.0,-36663392152.0,-57333324597.9,-33999995207.97,14327585.0,7335114.0,5882331.0,-137690629591.0,-206664184027.0,-61996707231.0,-84666657871.5,-57999995147.08,14423523.0,7407258.0,5908389.0,-130879534115.0,-207997307368.0,-63329960607.0,-81333324512.4,-60666661850.9,14531881.0,7494681.0,5939956.0,-136154481838.0,-216663861031.0,-63329959983.0,-85999991223.2,-59999995194.38,California,CA,4,9,280642.702012,4231.986912,58,1803
8,55723.0,8618650.0,2887063.0,2259541.0,1301632.0,721988.0,-20552982045.0,-63999594370.0,-12665678333.0,-15333330467.1,-11333332060.7,4200.0,2283489.0,1319990.0,730828.0,-31882609168.0,-65332909750.0,-13332346696.0,-16666663818.4,-9999998728.12,4200.0,2318358.0,1347455.0,734394.0,-33211851300.0,-71999572998.0,-12665677685.0,-16666663808.800001,-9999998729.48,4200.0,2350906.0,1370654.0,742104.0,-31200687702.0,-72666221659.0,-11999047757.0,-15999997124.0,-9999998735.57,4200.0,2385161.0,1401246.0,747100.0,-33860740766.0,-75999544985.0,-11332377134.0,-17333330460.4,-11333332078.65,4200.0,2360173.0,1414845.0,721825.0,-33849296566.0,-79332863655.0,-11332384791.0,-14666663764.7,-11999998739.15,2454154.0,1472934.0,754420.0,-37169174295.0,-84666164469.0,-15999035345.0,-22666663783.8,-15999998746.880001,2499334.0,1507083.0,770378.0,-43143063089.0,-85332787142.0,-18665678543.0,-22666663783.7,-16666665440.84,2544338.0,1541714.0,783209.0,-37119999794.0,-85999418418.0,-16665672268.0,-23333330431.5,-16666665456.81,Colorado,CO,4,8,267337.42150399997,1201.639295,63,527
9,116784.0,9057100.0,6786951.0,1491786.0,906227.0,446356.0,-7247130526.0,-19333030371.0,-5332798866.0,-5333331653.1,-2666665958.93,2520.0,1493798.0,900223.0,454490.0,-7913970792.0,-20666367841.0,-5332798890.0,-4666664983.3,-2666665959.2200003,2520.0,1507711.0,906798.0,454957.0,-7913739892.0,-22666364381.0,-5332798818.0,-5333331657.2,-1333332623.84,2520.0,1512305.0,907134.0,460240.0,-8579464858.0,-22666355888.0,-4666163092.0,-4666664984.3,-1333332625.92,2520.0,1516629.0,905681.0,465065.0,-6578147860.0,-18666340907.0,-2666162977.0,-2666664969.2,-1999999299.68,2520.0,1521199.0,915408.0,470029.0,-7243242826.0,-21999671480.0,-3332823812.0,-3333331637.4,-1999999307.29,1527039.0,925503.0,471821.0,-10573553456.0,-27999656340.0,-5332819686.0,-6666664948.5,-2666665950.67,1531332.0,932588.0,477219.0,-9227233724.0,-24666289022.0,-4666113979.0,-5999998270.1,-3999999284.09,1536049.0,939912.0,480258.0,-9888565090.0,-26666281273.0,-4666113775.0,-5333331599.1,-3333332622.7,Connecticut,CT,1,1,12541.938758,504.647518,9,288
10,19688.0,2379880.0,1815785.0,414416.0,244849.0,99173.0,-5318813928.0,-6666607225.0,-4666547806.0,-4666666278.1,-2666666497.18,670.0,417927.0,246940.0,101111.0,-5985287294.0,-7333274164.0,-3999879222.0,-3999999605.6,-1999999830.6299999,670.0,423489.0,251098.0,101259.0,-5984961994.0,-7333272311.0,-4666547716.0,-4666666279.2,-1999999829.72,670.0,428251.0,254308.0,103457.0,-6651391460.0,-7999939547.0,-4666547712.0,-4666666279.1,-2666666498.87,670.0,433195.0,258780.0,104542.0,-6651021760.0,-7999937830.0,-4666549654.0,-4666666275.8,-3333333168.46,670.0,438438.0,264915.0,106038.0,-4650266962.0,-8666604682.0,-4666551574.0,-4666666274.9,-3333333171.03,445308.0,272617.0,108667.0,-5315768728.0,-8666600018.0,-3999878997.0,-3999999594.6,-3333333173.17,451782.0,280127.0,109093.0,-3979412596.0,-9333263999.0,-3999877078.0,-3999999598.0,-3333333173.61,458153.0,286509.0,109885.0,-3978074296.0,-9999928330.0,-4666545759.0,-3999999596.4,-3999999842.45,Delaware,DE,3,5,5058.493859,244.469435,3,68
11,31236.0,2730300.0,5257794.0,303312.0,112750.0,160640.0,-15322131718.0,-14666632052.0,-14666621713.0,-15333333221.1,-15333333271.78,495.0,306711.0,112672.0,163874.0,-15321706718.0,-14666630922.0,-14666621701.0,-15333333221.6,-15333333271.48,495.0,308161.0,115795.0,162190.0,-15321344618.0,-14666629784.0,-14666621692.0,-15333333222.5,-15333333270.9,495.0,311545.0,117571.0,163751.0,-15320819318.0,-14666628318.0,-14666627505.0,-15333333223.1,-15333333270.52,495.0,315176.0,118367.0,166019.0,-15320169218.0,-14666627678.0,-14666629437.0,-14666666556.8,-15333333270.36,495.0,319192.0,122648.0,165659.0,-15986554884.0,-14666626618.0,-14666627476.0,-15333333224.3,-15333333270.37,344306.0,128720.0,181384.0,-23986071976.0,-23333294190.0,-22666625456.0,-22666666544.0,-22666666595.17,350372.0,130865.0,184920.0,-23317628310.0,-23333291147.0,-23333290222.0,-23333333218.5,-21999999928.25,356101.0,132288.0,189268.0,-23317196810.0,-23333289321.0,-23333290189.0,-23333333219.7,-21999999929.52,District of Columbia,DC,3,5,158.316181,18.709785,1,57
12,240687.0,32516300.0,32727371.0,9094581.0,4765133.0,2535198.0,-24506867342.0,-42665737840.0,-13331426193.0,-15333328204.2,-10666664134.12,11772.0,9152282.0,4787084.0,2605905.0,-31163966702.0,-49999054307.0,-13331426076.0,-17333328214.6,-9333330784.56,11772.0,9259009.0,4868496.0,2641981.0,-31150888701.0,-46665680954.0,-13331425773.0,-15333328201.7,-10666664122.53,11772.0,9347979.0,4954213.0,2667092.0,-28469266337.0,-45332299501.0,-14664766602.0,-16666661531.8,-11333330785.949999,11772.0,9447329.0,5058336.0,2677436.0,-33122045299.0,-47998930557.0,-15331433002.0,-16666661526.5,-11333330785.11,11772.0,9561381.0,5250239.0,2680407.0,-34441914132.0,-51332233761.0,-13331432788.0,-16666661495.5,-12666664130.92,9764874.0,5420631.0,2736789.0,-47088686084.0,-68665501930.0,-29998077214.0,-33999994766.6,-24666664131.15,9915946.0,5585913.0,2767517.0,-51046288180.0,-72665388260.0,-31331414154.0,-33333328091.2,-23333330827.71,10082335.0,5756788.0,2794102.0,-51683970546.0,-74665303173.0,-29998076400.0,-35333328102.8,-21333330858.62,Florida,FL,3,5,124681.386424,10904.71147,67,1013
13,83536.0,12360000.0,4160461.0,4132643.0,2263472.0,1310620.0,-19246603814.0,-43999496092.0,-14665261998.0,-15333329186.3,-13333331423.42,9490.0,4156147.0,2266195.0,1345263.0,-29244222304.0,-47332822215.0,-16665267761.0,-15999995846.9,-14666664758.53,9490.0,4202855.0,2306539.0,1356324.0,-31241462502.0,-51999476569.0,-15331930174.0,-15999995847.1,-12666664769.14,9490.0,4240590.0,2339756.0,1369498.0,-31236856302.0,-50666126023.0,-15331943717.0,-17333329176.5,-13333331438.73,9490.0,4282995.0,2377448.0,1381019.0,-31898694468.0,-49332773493.0,-17331943621.0,-17333329171.3,-13999998111.95,9490.0,4329176.0,2452828.0,1377105.0,-35225429199.0,-58666102162.0,-15998606039.0,-18666662485.7,-15333331447.02,4375067.0,2506889.0,1378498.0,-49885513450.0,-72666075757.0,-27998605795.0,-31999995776.2,-27999998071.21,4426793.0,2565896.0,1380613.0,-47865400252.0,-77332689153.0,-29331929229.0,-31999995761.9,-24666664747.48,4483865.0,2619544.0,1388484.0,-52518783913.0,-79999325913.0,-29998597354.0,-32666662433.3,-23999998093.38,Georgia,GA,3,5,144389.621531,2928.608057,159,751
15,0.0,3363540.0,1212428.0,527346.0,256347.0,194183.0,-7294446626.0,-7999895243.0,-3999825871.0,-4666666244.2,-3999999726.6800003,1410.0,530244.0,259809.0,192176.0,-8627464758.0,-6666558532.0,-3999825883.0,-3999999575.1,-3999999727.71,1410.0,535491.0,264570.0,190880.0,-8625953158.0,-7333222784.0,-5333163138.0,-5333332915.3,-4666666397.650001,1410.0,539043.0,266362.0,190410.0,-6622792260.0,-8666554130.0,-3999827881.0,-4666666247.8,-3999999733.5699997,1410.0,542666.0,270377.0,189039.0,-7954792092.0,-7999882212.0,-3999827960.0,-4666666244.0,-3999999736.83,1410.0,546526.0,282037.0,185895.0,-6618981760.0,-6666540510.0,-3999833731.0,-3999999568.1,-3999999740.22,556937.0,291814.0,186599.0,-9950935390.0,-9333203846.0,-7333167124.0,-7333332905.6,-5999999734.940001,560873.0,298816.0,185090.0,-9944125090.0,-11333196157.0,-7333163210.0,-7333332902.099999,-5999999737.76,564905.0,305869.0,183122.0,-9940392590.0,-11999859300.0,-7999831781.0,-7999999574.6,-5999999736.15,Hawaii,HI,4,9,12175.636063,1193.860968,5,97
16,30666.0,5170200.0,774769.0,681703.0,406907.0,183640.0,-12625329054.0,-41999853253.0,-3999462033.0,-7999998438.6,-3999999287.63,4528.0,687547.0,411784.0,185766.0,-16622891450.0,-45333185177.0,-3999461854.0,-7999998433.6,-3999999285.97,4528.0,702795.0,422662.0,187926.0,-20622922946.0,-44666511229.0,-5332799065.0,-10666665112.4,-4666665958.34,4528.0,713475.0,429601.0,190289.0,-19953330180.0,-41999837621.0,-5999473505.0,-10666665105.6,-4666665947.67,4528.0,725269.0,442056.0,189411.0,-15281578018.0,-46666505379.0,-3999469438.0,-10666665095.4,-3999999276.53,4528.0,739094.0,460788.0,189973.0,-19278278414.0,-47999834308.0,-6666145877.0,-11999998417.199999,-4666665949.41,744189.0,472362.0,186223.0,-22606909844.0,-53333158350.0,-5999467327.0,-11999998389.4,-6666665921.18,761032.0,487755.0,189186.0,-22594170744.0,-56666481531.0,-5332792781.0,-10666665041.0,-6666665939.61,778755.0,503548.0,191752.0,-20583292346.0,-55999802536.0,-4666123983.0,-8666665018.0,-5999999274.19,Idaho,ID,4,8,158489.256675,2069.422853,44,281
17,278429.0,28096535.0,11325398.0,5303533.0,3177658.0,1608672.0,-14480948052.0,-97332385556.0,-9330648452.0,-9333325166.0,-3333329836.2999997,23477.0,5310182.0,3167044.0,1635038.0,-20479192646.0,-111332370495.0,-7997310680.0,-9333325152.8,-3999996525.37,23477.0,5334644.0,3185046.0,1633310.0,-23143208910.0,-112665675119.0,-9997316458.0,-10666658476.2,-3999996553.01,23477.0,5347077.0,3188940.0,1641003.0,-25805907974.0,-117332314829.0,-8664228635.0,-11333325102.9,-2666663217.4500003,23477.0,5360135.0,3202659.0,1643419.0,-28468452938.0,-118665626290.0,-8664212601.0,-13333325103.1,-3999996566.4100003,23477.0,5373232.0,3237705.0,1646283.0,-29796137070.0,-127332291624.0,-11997539322.0,-13333325079.2,-5999996591.32,5412982.0,3279316.0,1650933.0,-38456082728.0,-133998902030.0,-13330815758.0,-17999991674.1,-9333329835.640001,5427336.0,3312797.0,1655952.0,-37096901096.0,-141998834822.0,-15330632923.0,-18666658349.3,-11999996539.33,5443481.0,3343023.0,1658870.0,-40421085526.0,-148665460378.0,-16663969944.0,-20666658354.5,-10666663246.59,Illinois,IL,2,3,143717.633248,2194.471995,102,1396
18,162097.0,19087700.0,7145554.0,2820253.0,1726338.0,775599.0,-16581722451.0,-67999521066.0,-11998512803.0,-12666662123.8,-5333331343.64,13932.0,2830669.0,1727511.0,786317.0,-24580645043.0,-73332848428.0,-13998518288.0,-15333328807.8,-5333331342.21,13932.0,2855378.0,1747513.0,789676.0,-30579923036.0,-75332840440.0,-14665186563.0,-15333328802.4,-4666664694.91,13932.0,2870670.0,1760732.0,793086.0,-29243873504.0,-77999494542.0,-14665273675.0,-15999995443.1,-6666664709.37,13932.0,2886548.0,1776182.0,794237.0,-26573511840.0,-84666158446.0,-13331946051.0,-14666662082.6,-5999998046.62,13932.0,2903720.0,1808293.0,794477.0,-26569162840.0,-93999498753.0,-12665269148.0,-14666662057.0,-6666664722.12,2911562.0,1831953.0,790648.0,-51230439182.0,-110666133651.0,-31998613765.0,-34666662004.4,-16666664646.44,2931710.0,1860566.0,793030.0,-48545292718.0,-109332755513.0,-33998510249.0,-35333328671.8,-19999997998.93,2953344.0,1886485.0,795052.0,-49202397084.0,-107999396515.0,-31998504437.0,-33999995322.7,-19999998017.27,Indiana,IN,2,3,92369.414544,982.437518,92,807
19,91021.0,12331440.0,3078868.0,1354693.0,884038.0,352644.0,-7900343292.0,-68666164140.0,-5331523627.0,-5333327484.7,-3333331088.57,17727.0,1363024.0,883352.0,359521.0,-17899168782.0,-80666156530.0,-3998185672.0,-4666660806.9,-2666664426.95,17727.0,1376538.0,889574.0,362299.0,-18563355148.0,-79999469198.0,-3998185463.0,-5333327476.1,-3333331107.35,17727.0,1387088.0,894409.0,362689.0,-17892563382.0,-75999449978.0,-3998508760.0,-5333327463.8,-2666664437.52,17727.0,1397401.0,899413.0,366254.0,-19888583880.0,-78666102950.0,-4665177266.0,-5999994135.2,-3333331110.75,17727.0,1408112.0,907150.0,366983.0,-22550188344.0,-81332763809.0,-4665190555.0,-6666660768.2,-3333331113.3,1407408.0,913114.0,362969.0,-32541942034.0,-107999399606.0,-5998517462.0,-6666660508.0,-3999997643.2400002,1417400.0,922825.0,367504.0,-25190596608.0,-115999369195.0,-3998111909.0,-5333327138.0,-4666664328.92,1427473.0,932782.0,371162.0,-31848317768.0,-118666012270.0,-5331448802.0,-5999993785.9,-5333331021.4800005,Iowa,IA,2,4,145042.392455,1071.987781,99,970
20,80728.0,12598420.0,5924953.0,1244442.0,742700.0,370839.0,-8602002059.0,-75999627270.0,-6665319886.0,-6666662399.6,-5999998310.059999,13951.0,1249038.0,740480.0,375433.0,-29933788971.0,-85332953066.0,-6665319539.0,-7333329059.0,-7333331641.79,13951.0,1259551.0,745551.0,376348.0,-31932235770.0,-90666279215.0,-6665319138.0,-7333329054.5,-7333331650.77,13951.0,1266291.0,745957.0,378544.0,-24594680942.0,-95332936934.0,-6665524356.0,-7333329021.9,-6666664975.11,13951.0,1273244.0,748234.0,380987.0,-25258720508.0,-90666262027.0,-7998855367.0,-7999995674.3,-6666664985.31,13951.0,1280307.0,756371.0,385586.0,-29256562205.0,-99999598813.0,-7998839493.0,-7333328981.2,-6666664993.61,1272387.0,759095.0,380714.0,-43919438157.0,-110666247664.0,-9998805699.0,-10666662267.1,-9333331589.66,1278644.0,767921.0,380783.0,-44574821023.0,-116666220291.0,-11998650759.0,-11999995610.7,-8666664940.0,1285322.0,776357.0,384433.0,-44569830922.0,-117332873535.0,-11998650434.0,-13333328952.3,-8666664966.7,Kansas,KS,2,4,210781.421326,1288.835166,105,705
21,97133.0,13011330.0,3871836.0,1941471.0,1148568.0,556922.0,-24599982444.0,-142666331230.0,-17331882606.0,-19999995819.4,-7333331419.01,15939.0,1948166.0,1147722.0,567529.0,-57266388577.0,-153332995992.0,-19998557075.0,-23333329160.2,-11333331437.01,15939.0,1962153.0,1155438.0,566103.0,-63265475771.0,-162666328822.0,-23331900091.0,-23999995838.5,-11999998133.77,15939.0,1971076.0,1157498.0,567969.0,-59928956042.0,-161332982742.0,-19331907478.0,-23999995806.5,-12666664804.67,15939.0,1980510.0,1165854.0,565586.0,-58593018609.0,-166666314957.0,-19331909288.0,-23999995819.6,-11333331469.63,15939.0,1990932.0,1180883.0,563812.0,-69258283865.0,-178666320819.0,-21331917094.0,-25999995785.4,-12666664804.039999,1985633.0,1185307.0,560609.0,-83254542754.0,-193332973426.0,-28665232464.0,-35999995706.4,-20666664692.36,1996516.0,1205049.0,561530.0,-88576834581.0,-202666286483.0,-29998545797.0,-37333329037.7,-21333331377.98,2008204.0,1223531.0,566059.0,-83235798353.0,-200666271922.0,-33331888695.0,-37999995675.8,-20666664745.81,Kentucky,KY,3,6,101146.541317,1569.9309,120,779
22,114684.0,12292540.0,5420286.0,1999384.0,1136563.0,591132.0,-13279247921.0,-57333046541.0,-8665674970.0,-9999997249.6,-6666665348.1,11308.0,2011194.0,1132633.0,598537.0,-26610442741.0,-63333038412.0,-9999012187.0,-10666663921.0,-7333332016.95,11308.0,2030523.0,1137274.0,600134.0,-27942127673.0,-67999700880.0,-10665680594.0,-12666663925.9,-7333332014.2699995,11308.0,2045045.0,1132916.0,602884.0,-26605896541.0,-67333020692.0,-9999029462.0,-10666663919.3,-7999998681.27,11308.0,2059406.0,1140993.0,598261.0,-27936609373.0,-71333017435.0,-10665697909.0,-13333330589.6,-7333332018.89,11308.0,2074004.0,1167325.0,584281.0,-33935186466.0,-75999687974.0,-13332374097.0,-13333330565.199999,-8666665364.35,2065758.0,1165682.0,582753.0,-57267604378.0,-91999670838.0,-22665683246.0,-27999997204.4,-17333331951.61,2079821.0,1185495.0,579558.0,-62593601104.0,-100666325431.0,-22665665453.0,-28666663856.7,-18666665322.55,2093499.0,1200282.0,582674.0,-55255605578.0,-99999644222.0,-23999002393.0,-28666663844.7,-19333332018.06,Louisiana,LA,3,7,104199.7539,6122.682971,64,539
23,41610.0,4422260.0,1338380.0,725194.0,393917.0,159291.0,-9261407224.0,-43333067919.0,-4665842110.0,-6666664336.5,-4666665692.27,9785.0,726109.0,393885.0,157109.0,-13260983520.0,-49999732592.0,-4665841812.0,-7333330995.5,-4666665683.06,9785.0,734653.0,399041.0,154875.0,-13927537386.0,-55333066570.0,-4665841587.0,-7999997667.2,-5999999025.360001,9785.0,738177.0,402109.0,154811.0,-11257937322.0,-53999722017.0,-5332541018.0,-7999997664.1,-3999999023.52,9785.0,741872.0,404738.0,155132.0,-13256721620.0,-53333052963.0,-5999213529.0,-9999997667.7,-3333332359.17,9785.0,746035.0,414934.0,154553.0,-11920288788.0,-52666378315.0,-5999213309.0,-8666664307.1,-3999999038.92,738062.0,419158.0,152051.0,-16583891650.0,-56666365323.0,-9999219245.0,-12666664306.5,-6666665694.85,742174.0,426400.0,153941.0,-16571882550.0,-61333009474.0,-9332517605.0,-11999997634.2,-9333332383.94,746998.0,436187.0,153062.0,-16562117950.0,-73333009381.0,-9999186151.0,-13333330974.9,-8666665725.24,Maine,ME,1,1,65666.22184,7025.074448,16,427
24,235844.0,12979220.0,8213114.0,2410186.0,1447623.0,718727.0,-17196068815.0,-60666202316.0,-10665780373.0,-11999997005.9,-9333332121.33,11160.0,2421804.0,1447713.0,729700.0,-21861731678.0,-69332867022.0,-11332448617.0,-11999997009.6,-7999998785.190001,11160.0,2426937.0,1456717.0,724328.0,-23193562110.0,-69332860322.0,-10665779728.0,-11999996994.3,-8666665447.619999,11160.0,2437647.0,1463895.0,728561.0,-23191483410.0,-71332853080.0,-11999167442.0,-13333330306.6,-9333332121.52,11160.0,2448298.0,1475079.0,730032.0,-25855558274.0,-72666180508.0,-10665839891.0,-12666663623.199999,-9333332124.84,11160.0,2459554.0,1495753.0,734678.0,-23181581910.0,-73332839384.0,-10665832074.0,-12666663622.8,-8666665470.15,2516137.0,1543537.0,750546.0,-34514247832.0,-87999500268.0,-21332500710.0,-20666663605.3,-15999998805.57,2530849.0,1563852.0,754052.0,-33827874765.0,-93332810211.0,-19332447954.0,-21333330270.3,-15333332145.42,2545337.0,1578533.0,760792.0,-34485043031.0,-91999449693.0,-19999116409.0,-21999996935.9,-12666665474.94,Maryland,MD,3,5,24977.722825,1958.976529,24,477
25,108470.0,14005600.0,10343458.0,2827142.0,1583470.0,966044.0,-13147050119.0,-27999450682.0,-5332305341.0,-6666663570.4,-5999998685.42,13300.0,2835909.0,1588535.0,970130.0,-13808349785.0,-34666103274.0,-5998973669.0,-7999996909.6,-5333332018.06,13300.0,2864244.0,1612138.0,973359.0,-11798092886.0,-31999410156.0,-5332304933.0,-6666663560.900001,-5999998689.43,13300.0,2881966.0,1620887.0,980834.0,-12458498852.0,-35332728612.0,-5999114944.0,-5999996885.4,-5999998688.87,13300.0,2896450.0,1632625.0,984716.0,-11782852087.0,-37332713694.0,-6665777469.0,-6666663554.5,-5999998693.52,13300.0,2912217.0,1654677.0,992083.0,-13107559519.0,-37332691298.0,-5999108729.0,-7999996868.8,-5999998695.79,2979603.0,1694387.0,1020041.0,-16426369447.0,-47999331370.0,-6665753544.0,-11333330177.6,-7999998685.49,2999294.0,1711321.0,1029654.0,-18396355248.0,-52665947587.0,-8665633269.0,-12666663525.5,-9333332041.17,3014616.0,1728972.0,1033084.0,-17712109382.0,-51332570202.0,-7332295902.0,-11999996852.1,-8666665380.12,Massachusetts,MA,1,1,20114.761272,1433.134379,14,539
26,171905.0,19538750.0,9122029.0,4539566.0,2728775.0,1112326.0,-10548448956.0,-51332657247.0,-7331426384.0,-9333327583.3,-6666664251.3,25454.0,4544655.0,2732025.0,1128339.0,-14544270852.0,-55999319676.0,-7331426040.0,-8666660898.8,-5999997589.22,25454.0,4567867.0,2760064.0,1128486.0,-15205652318.0,-59999306752.0,-6664757226.0,-7999994212.6,-6666664274.15,25454.0,4580599.0,2777026.0,1132395.0,-15865723084.0,-57999287906.0,-6664836536.0,-7999994204.8,-5999997608.84,25454.0,4595852.0,2802594.0,1132342.0,-19192621614.0,-59999274451.0,-7998175418.0,-10666660885.6,-5999997621.37,25454.0,4611531.0,2855385.0,1124923.0,-17184602616.0,-66665938545.0,-8664839890.0,-10666660865.0,-6666664317.03,4566367.0,2870684.0,1106036.0,-22507742244.0,-80665904308.0,-11998155560.0,-13999994117.1,-7999997578.65,4580339.0,2906462.0,1102783.0,-22483873844.0,-84665844977.0,-10664742372.0,-13999994098.7,-8666664270.31,4599583.0,2946148.0,1094011.0,-20470502546.0,-90665823181.0,-11998079363.0,-13333327418.7,-7999997619.64,Michigan,MI,2,3,145281.834249,7751.200425,83,992
27,160668.0,18028850.0,8068226.0,2373507.0,1522499.0,602082.0,-7867802592.0,-49999420222.0,-5331624889.0,-6666661266.3,-5999997871.49,23652.0,2382421.0,1525495.0,609671.0,-9864835290.0,-56666073319.0,-6664961643.0,-7333327919.8,-5999997870.17,23652.0,2404229.0,1541889.0,611145.0,-9859996190.0,-53332725468.0,-5998292314.0,-6666661231.8,-5999997878.89,23652.0,2420154.0,1551178.0,616505.0,-9187287024.0,-63332721135.0,-5331712791.0,-6666661209.3,-5999997874.85,23652.0,2437888.0,1564794.0,620743.0,-9180504124.0,-60666033182.0,-4665047766.0,-6666661201.6,-5999997884.26,23652.0,2457756.0,1588568.0,619402.0,-9839427991.0,-69332689560.0,-3998378996.0,-6666661166.4,-6666664558.48,2470809.0,1611001.0,618350.0,-15165072718.0,-76665993426.0,-5998365209.0,-7999994455.7,-8666664515.71,2494239.0,1631891.0,624478.0,-14474647752.0,-75999268189.0,-6664950214.0,-7999994455.5,-7333331196.22,2519766.0,1652685.0,630489.0,-15794573384.0,-83332577033.0,-6664949739.0,-9333327801.5,-6666664546.69,Minnesota,MN,2,4,204304.729886,11604.61784,87,881
28,62167.0,7771820.0,2234350.0,1289455.0,749840.0,346555.0,-13967051686.0,-43333114607.0,-8665868214.0,-8666664436.1,-5333332246.43,11648.0,1295029.0,746296.0,352349.0,-19966215780.0,-47333112338.0,-8665867943.0,-9333331108.7,-5333332249.99,11648.0,1308055.0,751599.0,351805.0,-23299105211.0,-49333106836.0,-7332530624.0,-9999997765.4,-5333332259.52,11648.0,1315835.0,753888.0,351509.0,-20630511147.0,-53333104912.0,-9332536544.0,-10666664426.7,-5333332263.61,11648.0,1322564.0,752754.0,351492.0,-25963602675.0,-57999775473.0,-8665867780.0,-9999997730.6,-5999998929.94,11648.0,1330626.0,767893.0,348616.0,-22627303945.0,-65999778414.0,-9999204828.0,-10666664371.9,-6666665608.84,1317129.0,764078.0,344555.0,-30626559436.0,-70666431743.0,-19999212610.0,-20666664368.8,-12666665583.04,1324777.0,775401.0,345804.0,-33287598500.0,-69333079006.0,-19999212455.0,-19999997674.5,-12666665608.51,1332591.0,786210.0,345471.0,-32618469434.0,-69333071123.0,-19332543525.0,-20666664347.2,-14666665622.6,Mississippi,MS,3,6,120838.747677,1833.014757,82,427
29,151830.0,20293760.0,9969757.0,2730213.0,1590106.0,774649.0,-19890382081.0,-103999444831.0,-10664688644.0,-14666660928.6,-7999997449.96,29522.0,2739156.0,1584850.0,787622.0,-43222383691.0,-115332768885.0,-10664688417.0,-13999994255.7,-5999997420.07,29522.0,2763539.0,1597422.0,788860.0,-50552659016.0,-126666099915.0,-13998031162.0,-16666660926.0,-6666664099.02,29522.0,2775961.0,1602017.0,794419.0,-44547220522.0,-126666079454.0,-12664755669.0,-15999994223.1,-5333330747.21,29522.0,2790709.0,1612129.0,802535.0,-51210754683.0,-132666078017.0,-13331412504.0,-16666660862.6,-7333330768.64,29522.0,2804891.0,1637516.0,802798.0,-55872016846.0,-149332751078.0,-14664763616.0,-19999994176.5,-7333330788.2300005,2782369.0,1645566.0,788378.0,-62530691205.0,-164666066437.0,-21998073214.0,-25333327416.6,-12666664018.42,2795308.0,1662009.0,796466.0,-69180162564.0,-163999348928.0,-21331351837.0,-26666660724.7,-14666664042.17,2809758.0,1688170.0,796759.0,-67836062632.0,-168666002658.0,-21998019800.0,-25999994045.8,-13999997418.95,Missouri,MO,2,4,178011.060774,2529.91895,115,1035
30,0.0,2487980.0,369288.0,489110.0,275216.0,134383.0,-7275078725.0,-75333175846.0,-2665965014.0,-5333331289.3,-1999999122.91,10800.0,491706.0,277459.0,135387.0,-25276210508.0,-83999846365.0,-1999296233.0,-5333331275.4,-1333332461.54,10800.0,501349.0,284303.0,135845.0,-33275922701.0,-84666509636.0,-1999296131.0,-3999997933.3,-1333332469.1,10800.0,505945.0,286711.0,136725.0,-26605770640.0,-87999841547.0,-1999323105.0,-3999997912.8,-666665795.5,10800.0,510487.0,291623.0,136436.0,-29268654204.0,-82666499691.0,-1999317041.0,-3333331252.4,-666665792.65,10800.0,515298.0,298955.0,137344.0,-27263653606.0,-91999834654.0,-2665987229.0,-3999997888.7,-666665800.75,512962.0,301732.0,135112.0,-32589423633.0,-95999823647.0,-5332639922.0,-8666664530.8,-3999999090.6099997,517811.0,306724.0,137541.0,-37246769895.0,-96666476521.0,-5332620264.0,-6666664496.1,-3999999096.93,523404.0,314577.0,138515.0,-37907599562.0,-97333135600.0,-5332619962.0,-7999997810.2,-5999999105.79,Montana,MT,4,8,371559.467649,3699.995461,56,369
31,62133.0,7972160.0,3120046.0,809549.0,487734.0,248689.0,-7275019226.0,-63333024023.0,-2665543063.0,-3333329668.8,-1333331950.36,17918.0,814701.0,489571.0,251784.0,-19939913880.0,-69333018836.0,-3998879981.0,-3999996326.2000003,-1333331952.36,17918.0,823942.0,493968.0,254244.0,-24605388342.0,-75333017057.0,-2665542545.0,-2666662976.7,-1333331956.22,17918.0,830506.0,498335.0,255526.0,-25269722209.0,-73333005211.0,-3999127762.0,-3999996295.3,-1999998626.88,17918.0,837282.0,501480.0,257523.0,-27933425873.0,-75332995973.0,-3999127721.0,-4666662972.7,-3333331972.24,17918.0,844147.0,507159.0,259406.0,-25929200174.0,-81999665770.0,-3999086618.0,-5333329587.7,-3999998649.45,840718.0,511936.0,254930.0,-28590799238.0,-82666311636.0,-6665745150.0,-7999996236.1,-5999998585.17,847997.0,516646.0,259770.0,-29913708470.0,-83332951850.0,-6665541460.0,-7999996232.5,-5333331929.17,855591.0,523586.0,263325.0,-27905716172.0,-87332940789.0,-7332209638.0,-7999996232.7,-3999998607.92,Nebraska,NE,2,4,199561.684813,1381.187425,93,584
32,50896.0,5023140.0,3354661.0,1191999.0,559770.0,456919.0,-8638047058.0,-23333200826.0,-3999668154.0,-6666665785.9,-3999999562.34,5536.0,1200388.0,564778.0,465906.0,-15303187619.0,-23333198459.0,-3332999628.0,-6666665792.1,-1999999559.38,5536.0,1220272.0,582609.0,469657.0,-13966875687.0,-23333198219.0,-2666330891.0,-6666665791.6,-3999999574.47,5536.0,1234848.0,600437.0,475412.0,-15298160319.0,-21333189456.0,-3333005338.0,-5999999115.8,-5333332913.87,5536.0,1250675.0,618487.0,480023.0,-13960812786.0,-24666522153.0,-3999676002.0,-7999999125.8,-4666666240.79,5536.0,1268258.0,644734.0,485160.0,-14624121651.0,-25999849994.0,-3333007311.0,-9333332468.9,-4666666248.09,1269549.0,659587.0,482285.0,-18617519346.0,-29999840900.0,-8666338581.0,-12666665780.2,-7999999555.14,1288163.0,679849.0,483759.0,-21276880010.0,-30666491990.0,-7999666085.0,-13999999115.1,-6666666232.06,1307143.0,701751.0,481527.0,-17937786180.0,-31333145210.0,-7999665949.0,-11999999113.0,-9333332906.75,Nevada,NV,4,8,124840.670134,724.784772,17,180
33,26621.0,4961690.0,2085776.0,617994.0,368936.0,150896.0,-1274584432.0,-16666447588.0,-1332853400.0,-1333331884.8999999,597.93,8085.0,619770.0,368309.0,152670.0,-3274694430.0,-17333107378.0,-1999521938.0,-1333331876.1,597.45,8085.0,626674.0,372073.0,154286.0,-1273428532.0,-18666437556.0,-1332853321.0,-666665206.0999999,594.04,8085.0,629933.0,374534.0,153137.0,-1272047532.0,-19333102405.0,472387.0,1467.1,600.46,8085.0,633863.0,377973.0,153818.0,-1937066198.0,-20666431186.0,-666200236.0,-666665213.7,601.83,8085.0,637778.0,383645.0,155244.0,-2600960264.0,-23333095928.0,-666200153.0,-1999998554.5,597.45,635784.0,387003.0,153338.0,-3264086330.0,-24666417714.0,-1999531535.0,-2666665211.1,-666666051.7199999,639653.0,393784.0,151163.0,-4587137262.0,-29333070230.0,-1999519772.0,-3333331886.4,-1333332719.8300002,643567.0,399505.0,151517.0,-5246555528.0,-27999722571.0,-1999519580.0,-3333331878.8,-2666666062.33,New Hampshire,NH,1,1,22579.429285,821.145474,10,246
34,242432.0,20659680.0,26607699.0,3577935.0,2056100.0,1133379.0,-13794876285.0,-33332610605.0,-9332195493.0,-9999996382.8,-8666665087.78,20162.0,3586415.0,2047773.0,1147214.0,-17794539081.0,-34665931419.0,-7998858103.0,-8666663027.0,-7999998419.39,20162.0,3595012.0,2052051.0,1147017.0,-18458692447.0,-38665913881.0,-8665526656.0,-10666663029.0,-7999998411.2300005,20162.0,3605312.0,2054346.0,1158927.0,-17789000781.0,-37332559230.0,-9332251489.0,-11333329672.1,-5333331758.5,20162.0,3616529.0,2064174.0,1167615.0,-17783219380.0,-39999208299.0,-9332245568.0,-11333329680.3,-5999998431.79,20162.0,3628627.0,2094370.0,1177607.0,-17775776479.0,-37999180889.0,-9332247341.0,-11999996343.1,-5333331778.64,3738342.0,2168148.0,1229008.0,-21770284076.0,-47332485254.0,-14665597965.0,-16666663021.2,-8666665105.12,3756340.0,2195831.0,1242331.0,-23074894508.0,-46665756031.0,-16665539569.0,-17333329692.4,-7999998452.23,3775842.0,2215482.0,1262873.0,-23728172775.0,-53999068879.0,-15332202060.0,-15999996354.7,-6666665134.48,New Jersey,NJ,1,2,18940.239038,1112.350989,21,598
35,18809.0,7484600.0,602129.0,910261.0,519763.0,244303.0,-26623853240.0,-109999859619.0,-12665980510.0,-20666664845.2,-11999999042.31,12792.0,913029.0,516796.0,246109.0,-53958092646.0,-113999860438.0,-12665980431.0,-21999998190.2,-11333332357.91,12792.0,928343.0,522801.0,247929.0,-57291222576.0,-115999860692.0,-14665986227.0,-24666664874.9,-14666665708.41,12792.0,933432.0,524187.0,251838.0,-57290375475.0,-121333193212.0,-15332654784.0,-25999998204.3,-13333332364.77,12792.0,938682.0,527998.0,252719.0,-54622732214.0,-119999861011.0,-16665998010.0,-28666664900.2,-11999999049.07,12792.0,944258.0,539130.0,254063.0,-60622225408.0,-123999859182.0,-17999339003.0,-29999998224.5,-13333332400.27,938195.0,544063.0,254146.0,-75957528625.0,-127333185831.0,-17999321102.0,-33999998214.0,-19333332385.07,943988.0,558392.0,255109.0,-69282409365.0,-130666507975.0,-21332658398.0,-35333331548.1,-19999999067.87,950429.0,572349.0,253406.0,-73946439428.0,-131333170573.0,-20665989688.0,-41999998275.2,-21333332424.13,New Mexico,NM,4,8,266777.602459,663.081649,33,373
36,455704.0,49575150.0,38473518.0,8171261.0,3894463.0,3367481.0,-65575193430.0,-198665167374.0,-44663296533.0,-52666656563.0,-38666662220.88,64260.0,8191109.0,3894368.0,3371495.0,-86900235744.0,-219998483374.0,-45329965016.0,-51999989867.5,-38666662208.28,64260.0,8255522.0,3942246.0,3360187.0,-93557499203.0,-214665096222.0,-41996621378.0,-53333323227.5,-39999995565.21,64260.0,8286578.0,3943024.0,3373147.0,-90211592471.0,-213998374432.0,-45997030281.0,-57999989891.5,-37333328918.49,64260.0,8322225.0,3957514.0,3385405.0,-88862931238.0,-225998359122.0,-45330381055.0,-55999989835.7,-37333328935.91,64260.0,8362395.0,4014209.0,3402674.0,-86181084880.0,-244665020747.0,-47330339575.0,-58666656506.1,-39999995658.11,8449154.0,4095636.0,3434514.0,-114162329647.0,-289998307138.0,-69330344856.0,-80666656389.4,-56666662196.01,8494428.0,4128119.0,3476404.0,-122104587538.0,-290664820335.0,-68663283830.0,-82666656373.3,-53999995575.78,8518916.0,4149736.0,3499383.0,-128075915031.0,-285998077227.0,-70663293222.0,-80666656343.9,-51333328973.66,New York,NY,1,2,121319.237652,3351.655821,62,1826
37,181928.0,20520900.0,7809640.0,4416983.0,2458976.0,1316471.0,-17217603416.0,-50666123575.0,-9331763462.0,-12666662176.6,-9333331324.6,29822.0,4453576.0,2471627.0,1343637.0,-26550164740.0,-55999451436.0,-9331763278.0,-11999995502.6,-9333331331.04,29822.0,4521493.0,2517782.0,1356423.0,-27214489706.0,-58666105277.0,-9998431459.0,-12666662177.2,-8666664689.78,29822.0,4572891.0,2548593.0,1369875.0,-24543034642.0,-65999425316.0,-9331768305.0,-12666662175.6,-7999998028.56,29822.0,4626847.0,2585819.0,1379503.0,-26538392541.0,-58666067960.0,-9331768107.0,-12666662170.8,-7999998031.39,29822.0,4686870.0,2649744.0,1381683.0,-29199990805.0,-64666070566.0,-10665107150.0,-12666662159.9,-7999998036.88,4673933.0,2660519.0,1374165.0,-56525284610.0,-99999372797.0,-34665086815.0,-37999995394.1,-27333331291.63,4739881.0,2717961.0,1387271.0,-55168422878.0,-99332651494.0,-35998413967.0,-39999995395.2,-27333331306.25,4815228.0,2778705.0,1408252.0,-59820095340.0,-107999298897.0,-35998413735.0,-40666662063.3,-26666664659.41,North Carolina,NC,3,5,125858.6378,4989.760767,100,853
38,9516.0,4076300.0,363267.0,340604.0,191912.0,107401.0,-8629417458.0,-82666516444.0,-7332605299.0,-7999997626.7,-5999999125.23,14524.0,349658.0,193625.0,111204.0,-21960071078.0,-89999842598.0,-8665942365.0,-7999997608.3,-5999999119.42,14524.0,360189.0,196832.0,114400.0,-27958201272.0,-86666502475.0,-7999273355.0,-7999997587.3,-6666665789.38,14524.0,367171.0,197052.0,117505.0,-28623115338.0,-89999833460.0,-7332658824.0,-8666664247.8,-5999999116.07,14524.0,372520.0,198158.0,119796.0,-28620111238.0,-93333169728.0,-6665974388.0,-8666664217.6,-6666665793.82,14524.0,375981.0,200263.0,120154.0,-27283966506.0,-91333162903.0,-7332636709.0,-8666664207.2,-6666665787.96,369474.0,198888.0,117175.0,-38616871628.0,-109333171877.0,-10665959981.0,-11333330838.2,-7333332402.45,371764.0,201769.0,117774.0,-36611008430.0,-114666499839.0,-9999265974.0,-9999997500.6,-5999999072.98,374254.0,205685.0,118881.0,-37942209262.0,-111333154947.0,-9332597135.0,-9333330818.2,-5999999085.01,North Dakota,ND,2,4,176199.322355,4386.056165,53,388
39,230417.0,29068800.0,12349740.0,5140075.0,3039782.0,1544519.0,-30529728236.0,-85332572173.0,-18664383680.0,-21999992923.1,-7999997003.31,46410.0,5146072.0,3034819.0,1565819.0,-38527140628.0,-91999232142.0,-18664383539.0,-23999992933.7,-11333330348.2,46410.0,5173941.0,3059781.0,1572547.0,-45191879988.0,-95332553331.0,-21331057664.0,-24666659603.4,-9999997033.74,46410.0,5187423.0,3070570.0,1582728.0,-40519116926.0,-95999197812.0,-20664633097.0,-22666659566.4,-7999997034.88,46410.0,5201451.0,3088384.0,1587192.0,-43181047790.0,-97999188323.0,-20664615139.0,-23333326228.9,-8666663709.47,46410.0,5216282.0,3127537.0,1588939.0,-45841911655.0,-98665849719.0,-22664626694.0,-26666659549.2,-9333330382.91,5232729.0,3165935.0,1588226.0,-60497470306.0,-133332480985.0,-32664596527.0,-37333326001.4,-17999996930.44,5251186.0,3200314.0,1589094.0,-60472355206.0,-142665760460.0,-31997669566.0,-37999992653.8,-18666663622.92,5271551.0,3235568.0,1594003.0,-67125385066.0,-144665721350.0,-36664349155.0,-41999992698.2,-21999996991.94,Ohio,OH,2,3,105753.506865,1307.932343,88,1233
40,133751.0,13773860.0,6344462.0,1689584.0,961490.0,493938.0,-7941511092.0,-41999624920.0,-3332063850.0,-3999996468.0,-2666665016.9900002,25920.0,1699627.0,960271.0,501339.0,-13939563586.0,-45332950586.0,-3332063588.0,-3999996456.9,-2666665007.79,25920.0,1713040.0,964593.0,504515.0,-15938062784.0,-47999608193.0,-3998731917.0,-3999996442.5,-2666665002.65,25920.0,1723434.0,967161.0,507603.0,-16602451550.0,-48666264775.0,-3998741466.0,-4666663104.3,-2666665002.64,25920.0,1731825.0,971235.0,508968.0,-21267210312.0,-54666263564.0,-3998745049.0,-4666663084.3,-3333331668.83,25920.0,1741201.0,986692.0,507066.0,-26597713441.0,-58666264810.0,-3332078153.0,-5333329724.6,-3333331663.8,1741700.0,993379.0,510474.0,-31260086502.0,-63332903396.0,-7998728794.0,-11999996330.2,-7333331625.3,1751770.0,1004062.0,518630.0,-31250359302.0,-68666208202.0,-8665379681.0,-10666662979.699999,-7333331644.059999,1763004.0,1015193.0,527570.0,-35911663264.0,-73999529136.0,-7998710595.0,-11999996313.6,-8666664995.76,Oklahoma,OK,3,7,176017.940336,3153.554959,77,664
41,80760.0,11412180.0,4762403.0,1694993.0,939705.0,593777.0,-8579607858.0,-40666377199.0,-5332525656.0,-7333331080.9,-2666665659.7200003,17088.0,1706126.0,948647.0,597157.0,-19243859815.0,-43999701795.0,-5999194101.0,-8666664424.8,-3333332326.02,17088.0,1732961.0,969517.0,602174.0,-19238542915.0,-44666354932.0,-5999194004.0,-7999997747.5,-4666665658.9800005,17088.0,1750422.0,985584.0,606295.0,-18565372848.0,-41999673660.0,-5332534858.0,-7999997749.8,-4666665660.81,17088.0,1768860.0,1006012.0,606066.0,-18558247248.0,-46666332165.0,-5999205261.0,-8666664417.6,-4666665658.06,17088.0,1788818.0,1031141.0,611521.0,-21885753478.0,-50666324144.0,-6665871790.0,-7999997750.7,-5333332332.9,1798975.0,1047308.0,610911.0,-26542265640.0,-57332965333.0,-9332524604.0,-13999997720.8,-6666665631.53,1818648.0,1062633.0,618244.0,-26522127841.0,-59999608621.0,-8665846332.0,-11333331046.6,-5999998978.55,1838697.0,1078461.0,623192.0,-32513153334.0,-65332927193.0,-9332514754.0,-11333331038.1,-9333332326.74,Oregon,OR,4,9,172202.862126,2516.9224560000002,36,428
42,493011.0,55009590.0,33279162.0,5584433.0,3431102.0,1526698.0,-46417920620.0,-207332194207.0,-29996596912.0,-33333322668.9,-13333328946.92,74760.0,5591087.0,3425085.0,1535885.0,-59080419174.0,-223332178808.0,-30663265241.0,-35333322665.9,-17999995623.92,74760.0,5652375.0,3455617.0,1550812.0,-65743342334.0,-222665478870.0,-31996601938.0,-35333322652.6,-18666662333.83,74760.0,5672334.0,3466633.0,1557467.0,-69736436530.0,-228665453851.0,-31997138629.0,-37999989294.8,-18666662342.8,74760.0,5691981.0,3480016.0,1571994.0,-77063524456.0,-233332098875.0,-29997134083.0,-39999989296.5,-17333329029.79,74760.0,5711958.0,3521248.0,1584214.0,-82387377286.0,-244665420166.0,-36663810285.0,-45333322618.4,-19333329082.85,5728788.0,3560917.0,1586866.0,-99702030500.0,-290665373258.0,-42663729592.0,-53333322302.2,-23333328872.32,5753908.0,3593490.0,1600237.0,-100328971866.0,-289998608520.0,-43329862810.0,-51999988903.2,-25999995579.98,5779663.0,3629624.0,1605715.0,-106976628725.0,-309331912946.0,-39996518966.0,-49333322217.9,-25333328952.260002,Pennsylvania,PA,1,2,115833.553765,1500.275722,67,1833
44,11988.0,3183300.0,3552745.0,462900.0,246909.0,163693.0,-2646476064.0,-4666599095.0,-1333186117.0,-1333332907.6000001,-1333333148.09,3388.0,462657.0,244748.0,165492.0,-2646500064.0,-6666599368.0,-1333186066.0,-1333332908.8999999,-1333333147.11,3388.0,466670.0,247291.0,164737.0,-2646016764.0,-6666596049.0,-1999854673.0,-1999999578.3,-1333333147.16,3388.0,467412.0,247565.0,163320.0,-1978533198.0,-6666592919.0,-1333205432.0,-1999999577.3999999,-1333333145.32,3388.0,468335.0,249492.0,160997.0,-2644702064.0,-7333260273.0,-1999874069.0,-1999999575.3,-1333333144.88,3388.0,469289.0,255450.0,159280.0,-2643881864.0,-7999926094.0,-1333211298.0,-1333332904.0,-1333333147.18,481188.0,265871.0,160918.0,-5309011228.0,-10666588686.0,-3333209381.0,-3999999568.1,-666666471.87,483073.0,270970.0,161269.0,-5305419928.0,-11333248505.0,-3333184127.0,-3333332896.5,-666666473.9399999,484656.0,276358.0,160558.0,-5970439094.0,-11333244254.0,-3333184068.0,-4666666240.5,-1999999808.61,Rhode Island,RI,1,1,2677.0991989999998,332.180441,5,81
45,58093.0,8826460.0,3754744.0,2173846.0,1244787.0,569975.0,-15951326484.0,-31999735450.0,-7999191491.0,-9333331001.5,-7999998943.02,18900.0,2191604.0,1258456.0,580249.0,-19950669780.0,-34666396563.0,-7999191309.0,-9999997665.0,-7333332275.5199995,18900.0,2228909.0,1284305.0,586691.0,-21282685312.0,-37333056112.0,-8665859831.0,-10666664338.3,-6666665612.89,18900.0,2256560.0,1305171.0,589262.0,-20613907346.0,-33999708437.0,-9999210436.0,-10666664331.7,-7333332286.96,18900.0,2286419.0,1333669.0,587918.0,-19944160180.0,-39333038667.0,-9999208301.0,-11999997671.7,-6666665621.08,18900.0,2318677.0,1375247.0,585950.0,-26608267440.0,-45333039543.0,-11332547250.0,-11999997647.3,-7333332291.32,2325248.0,1390017.0,586430.0,-25269638906.0,-48666356023.0,-13332549136.0,-15333330975.6,-10666665629.33,2362253.0,1434662.0,588423.0,-25927486773.0,-45999658997.0,-13332531448.0,-14666664303.5,-11333332311.31,2401638.0,1478858.0,591532.0,-29255036803.0,-50666316015.0,-13999199780.0,-14666664306.5,-10666665651.07,South Carolina,SC,3,5,76979.082807,2828.999095,46,424
46,17928.0,4996340.0,719805.0,372237.0,225192.0,105638.0,-7299582429.0,-61333177496.0,-3999281598.0,-3999997713.3,-3999999070.13,17097.0,375831.0,226126.0,107415.0,-19965107781.0,-71333177956.0,-3999281438.0,-4666664380.1,-3999999057.42,17097.0,382841.0,230604.0,108808.0,-28632058738.0,-71333174795.0,-5332618519.0,-5999997721.7,-3999999060.48,17097.0,387603.0,232621.0,108929.0,-31296695802.0,-67999833941.0,-4666042635.0,-5333331028.4,-3999999051.86,17097.0,392226.0,233656.0,110746.0,-33294588101.0,-74666499338.0,-4666036777.0,-6666664383.1,-4666665716.03,17097.0,396779.0,236489.0,111321.0,-35960340466.0,-78666500008.0,-4666034875.0,-7333331042.099999,-3999999050.14,391487.0,236509.0,108992.0,-34622805035.0,-89333165417.0,-8666022776.0,-9333331010.1,-5333332337.15,396221.0,240166.0,110726.0,-41950742061.0,-87333149753.0,-7332615601.0,-8666664325.4,-4666665683.59,402061.0,245981.0,112333.0,-39277983395.0,-89999813334.0,-7332615466.0,-9333330988.9,-5333332359.93,South Dakota,SD,2,4,197360.30881,3380.0525430000002,66,376
47,138415.0,14568350.0,6184413.0,2857236.0,1672347.0,834927.0,-13257169420.0,-40666276381.0,-9998787389.0,-9999996480.3,-7333331775.7,29401.0,2876124.0,1673062.0,851884.0,-21255864812.0,-47332937034.0,-10665455923.0,-11333329820.7,-7333331775.59,29401.0,2906018.0,1688579.0,861410.0,-19252353114.0,-44666257905.0,-10665455640.0,-10666663144.9,-6666665115.9800005,29401.0,2933637.0,1701173.0,868895.0,-22582435144.0,-47332911412.0,-9332123926.0,-9999996455.7,-7333331780.73,29401.0,2966611.0,1722254.0,877955.0,-23244388210.0,-47332901528.0,-10665460915.0,-11999996458.7,-7333331783.9,29401.0,2999567.0,1756564.0,886070.0,-23905365776.0,-59332901313.0,-9332123451.0,-12666663097.9,-6666665111.87,3014212.0,1783311.0,884090.0,-32565438634.0,-63999543175.0,-19998797847.0,-19999996415.1,-15333331773.130001,3053811.0,1819815.0,896426.0,-26546147540.0,-72666178248.0,-20665462296.0,-20666663074.8,-17333331787.5,3098180.0,1855921.0,915310.0,-32534973834.0,-77332826160.0,-19998793276.0,-20666663064.1,-17333331803.11,Tennessee,TN,3,6,105990.606915,2278.515827,95,638
48,304376.0,39683680.0,22522072.0,10304454.0,5693363.0,3455293.0,-68450557498.0,-201332033036.0,-36662966962.0,-49333323169.0,-25999994753.62,92352.0,10440496.0,5747054.0,3541981.0,-115106530418.0,-217998664063.0,-35996297593.0,-50666656501.5,-23999994730.64,92352.0,10610246.0,5850631.0,3579244.0,-119760833281.0,-219998611694.0,-32662953394.0,-47333323122.3,-25999994743.06,92352.0,10768658.0,5917342.0,3635180.0,-115078888518.0,-225998556479.0,-33996307590.0,-48666656443.3,-26666661387.05,92352.0,10935786.0,6004330.0,3686714.0,-123061097610.0,-230665185285.0,-37329654013.0,-49999989788.7,-29999994748.21,92352.0,11111604.0,6168261.0,3737065.0,-134378909432.0,-251331834418.0,-38662990392.0,-55333323088.6,-31999994754.32,11432976.0,6390964.0,3848130.0,-184360281484.0,-301331757418.0,-79996312726.0,-95999989702.6,-65333328062.46,11654179.0,6545643.0,3944640.0,-179642624922.0,-307998284035.0,-84662974356.0,-101999989745.5,-63999994788.77,11890123.0,6723632.0,4023321.0,-188943402445.0,-313331529763.0,-85996309900.0,-106666656442.4,-65333328194.65,Texas,TX,3,7,584252.240175,11019.579387,254,1989
49,62660.0,6830420.0,4225189.0,1009463.0,629744.0,276694.0,-7279695526.0,-37999810045.0,-2666104248.0,-3333331516.9,-2666665782.5,14071.0,1022218.0,638918.0,279566.0,-15279610418.0,-45333143106.0,-3999441494.0,-5999998195.9,-2666665782.52,14071.0,1044751.0,653590.0,284868.0,-13942526786.0,-47333137717.0,-3999441427.0,-5999998191.2,-2666665786.08,14071.0,1064333.0,669057.0,288575.0,-15939568484.0,-47999802253.0,-3999456904.0,-6666664860.5,-3333332444.2400002,14071.0,1084697.0,685175.0,291480.0,-16602695850.0,-43333121253.0,-5999455013.0,-7333331516.5,-2666665788.69,14071.0,1106788.0,706069.0,295475.0,-17931315982.0,-51333124121.0,-3999446964.0,-6666664835.7,-3333332470.8,1132287.0,729417.0,304532.0,-21923377378.0,-55333106812.0,-8666109338.0,-12666664801.4,-7999999112.26,1161612.0,751969.0,311167.0,-18572222548.0,-62666425951.0,-11332774102.0,-12666664805.0,-8666665798.66,1192045.0,773675.0,321569.0,-16559899150.0,-61999744439.0,-9999436667.0,-11333331459.6,-8666665813.52,Utah,UT,4,8,103859.866623,1236.268173,29,299
50,17545.0,4370240.0,553549.0,325086.0,182549.0,74583.0,-3280575930.0,-19333138096.0,-3332844303.0,-3333331869.9,-1333332740.76,12650.0,326714.0,181421.0,75646.0,-4613890062.0,-21999802785.0,-3332844254.0,-3333331865.7,-1333332739.62,12650.0,330975.0,182262.0,76214.0,-5280288428.0,-25333134730.0,-2666175638.0,-2666665199.6,-1333332743.52,12650.0,332876.0,183504.0,76019.0,-6613450360.0,-24666465969.0,-3332865504.0,-3333331869.3,-1999999414.3100002,12650.0,334854.0,183934.0,76030.0,-5279195128.0,-25333129344.0,-3332873255.0,-3999998534.1,-1999999409.73,12650.0,337078.0,187302.0,75478.0,-4611572862.0,-29999798607.0,-3332869356.0,-3333331863.9,-1999999416.5,333519.0,189152.0,73362.0,-9941182690.0,-42666463327.0,-7332865336.0,-8666665150.0,-6666666046.39,335138.0,193222.0,72636.0,-11935127488.0,-41999776948.0,-7999500764.0,-9333331813.9,-7333332724.06,337072.0,196162.0,73304.0,-13264354620.0,-46666444070.0,-8666169183.0,-10666665155.6,-5999999393.07,Vermont,VT,1,1,23872.594714,1030.642813,14,265
51,163869.0,22713350.0,16948924.0,3422415.0,2026685.0,1035644.0,-33153147801.0,-127999350013.0,-19998313200.0,-22666661464.7,-11333331137.6,45033.0,3444339.0,2032360.0,1057270.0,-56483455910.0,-136665999268.0,-17331638339.0,-23333328120.9,-11999997818.72,45033.0,3465809.0,2054679.0,1050424.0,-52480382915.0,-141999320973.0,-17331638027.0,-23333328116.7,-13999997823.74,45033.0,3490023.0,2070465.0,1057399.0,-55811287844.0,-143332634269.0,-19331674687.0,-23333328090.9,-13999997826.6,45033.0,3512931.0,2087187.0,1063242.0,-55806994744.0,-144665957026.0,-19998349149.0,-23333328079.1,-15999997836.14,45033.0,3536649.0,2123339.0,1060166.0,-63802854736.0,-158665965053.0,-23998358579.0,-29333328105.0,-16666664514.2,3596289.0,2165072.0,1083601.0,-75128837658.0,-189999302477.0,-38665028733.0,-46666661435.7,-29999997792.81,3625471.0,2199409.0,1090497.0,-77099814356.0,-188665905503.0,-41331668142.0,-46666661416.2,-31999997833.83,3654912.0,2234560.0,1091780.0,-74418625693.0,-185999203951.0,-37998324746.0,-42666661394.9,-31333331184.67,Virginia,VA,3,5,102020.07662,3472.286456,117,903
53,197349.0,19011210.0,13278705.0,2937208.0,1664384.0,1000043.0,-21866931078.0,-55332862065.0,-14665534133.0,-16666663439.4,-9999998498.15,31535.0,2961983.0,1679735.0,1012396.0,-27195624706.0,-59332853981.0,-12665528024.0,-15999996769.5,-9333331830.72,31535.0,3020415.0,1722931.0,1027989.0,-34523910632.0,-57999496593.0,-13332196488.0,-15999996768.0,-8666665184.14,31535.0,3059117.0,1752401.0,1043015.0,-31845722867.0,-59332810172.0,-13332231128.0,-16666663433.2,-9999998526.61,31535.0,3101167.0,1788957.0,1054255.0,-31833893767.0,-66666130840.0,-14665575959.0,-17333330099.8,-9999998538.06,31535.0,3144591.0,1833750.0,1066741.0,-31151311101.0,-72666114125.0,-15332246247.0,-19999996769.5,-11333331886.83,3170695.0,1864910.0,1066944.0,-37803195761.0,-74666066443.0,-19998903025.0,-22666663395.5,-18666665199.65,3216202.0,1900248.0,1079020.0,-40433378825.0,-73999346654.0,-20665530709.0,-23999996738.1,-19333331873.34,3262617.0,1929687.0,1090864.0,-37743885761.0,-81999323119.0,-22665536337.0,-23999996735.9,-17999998541.99,Washington,WA,4,9,156577.499612,5143.12562,39,605
54,61113.0,9055460.0,1685664.0,883710.0,537079.0,203603.0,-25277965211.0,-204666437440.0,-6665296381.0,-15999996025.0,-5999998251.35,38070.0,884467.0,535743.0,203436.0,-63942917140.0,-223333106483.0,-10665307902.0,-18666662734.1,-5333331582.43,38070.0,888995.0,536464.0,200952.0,-77276762758.0,-235999775614.0,-10665307472.0,-21999996073.2,-5999998268.03,38070.0,890398.0,535678.0,198712.0,-77274692457.0,-237999767715.0,-11332024563.0,-22666662733.2,-4666664927.52,38070.0,891899.0,535961.0,196367.0,-88607429778.0,-245999770103.0,-14665367866.0,-28666662753.2,-3999998269.66,38070.0,893305.0,540565.0,193378.0,-102607386967.0,-261333115469.0,-19998714355.0,-29999996062.3,-9333331613.1,859238.0,525840.0,185367.0,-120602964149.0,-286666444316.0,-27332020013.0,-45333329254.7,-19999998115.31,858945.0,530917.0,184993.0,-115929257989.0,-292666437197.0,-27331957467.0,-44666662586.9,-21999998153.5,859492.0,535981.0,185354.0,-117258359419.0,-295333097090.0,-32665306248.0,-49999995948.5,-20666664845.27,West Virginia,WV,3,5,62246.135089999996,488.918898,55,738
55,155284.0,17083300.0,6797560.0,2641527.0,1547104.0,751849.0,-7212934526.0,-26666148790.0,-4665164183.0,-5333328829.0,-3333331461.93,42295.0,2649473.0,1547522.0,762536.0,-7878060392.0,-29332807039.0,-5998501168.0,-5999995495.2,-3999998140.09,42295.0,2668568.0,1559212.0,769367.0,-9209582124.0,-29332792351.0,-5998501000.0,-7333328821.9,-5999998160.98,42295.0,2681074.0,1567898.0,775002.0,-9206369624.0,-25332770850.0,-5331872696.0,-6666662149.6,-5999998170.78,42295.0,2694377.0,1580794.0,777142.0,-7868495992.0,-26666096493.0,-5331874353.0,-6666662148.2,-5999998178.83,42295.0,2709328.0,1596373.0,781392.0,-9197141124.0,-27999422182.0,-5998536951.0,-7333328798.599999,-6666664853.44,2718403.0,1619713.0,782114.0,-13855597286.0,-41999405589.0,-9331850437.0,-9333328707.8,-7333331457.4800005,2734545.0,1641598.0,783898.0,-14502701652.0,-40666024884.0,-8665146700.0,-9999995371.9,-5999998133.2,2750789.0,1660514.0,785523.0,-13824059586.0,-45332671482.0,-8665146405.0,-8666662037.6,-5333331479.67,Wisconsin,WI,2,3,139370.275032,4545.320188,72,783
56,0.0,2732710.0,14482.0,265182.0,155532.0,69914.0,-21305115412.0,-49333261065.0,-11999691847.0,-16666665782.3,-8666666256.69,9744.0,266516.0,154394.0,70990.0,-33304450200.0,-53333261637.0,-11333023112.0,-17333332445.1,-9333332921.17,9744.0,271452.0,157979.0,70595.0,-36640092531.0,-53333262458.0,-12666360430.0,-15999999112.5,-7333332921.19,9744.0,273228.0,158653.0,70213.0,-33970163965.0,-53999926844.0,-11999705411.0,-15999999108.7,-7333332935.29,9744.0,275175.0,160518.0,67936.0,-30634720235.0,-54666592447.0,-15333040707.0,-18666665778.9,-7999999596.35,9744.0,276895.0,164054.0,67542.0,-33301759999.0,-53999924522.0,-13333052507.0,-21333332458.1,-7999999588.04,269954.0,163919.0,65043.0,-34635748532.0,-56666590858.0,-14666375921.0,-19333332424.2,-7333332920.09,271432.0,166783.0,65550.0,-33960495565.0,-59333255801.0,-15999699550.0,-21333332428.0,-7999999583.31,273349.0,169726.0,66717.0,-32623987033.0,-59999919605.0,-14666362177.0,-17999999076.9,-9999999590.78,Wyoming,WY,4,8,165841.263893,1551.905227,23,176
60,0.0,0.0,0.0,0.0,0.0,0.0,0.0,0.0,0.0,0.0,0.0,0.0,0.0,0.0,0.0,0.0,0.0,0.0,0.0,0.0,0.0,0.0,0.0,0.0,0.0,0.0,0.0,0.0,0.0,0.0,0.0,0.0,0.0,0.0,0.0,0.0,0.0,0.0,0.0,0.0,0.0,0.0,0.0,0.0,0.0,0.0,0.0,0.0,0.0,0.0,0.0,0.0,0.0,0.0,0.0,0.0,0.0,0.0,0.0,0.0,0.0,0.0,0.0,0.0,0.0,0.0,0.0,0.0,0.0,0.0,0.0,0.0,0.0,0.0,0.0,0.0,0.0,0.0,0.0,0.0,American Samoa,AS,9,0,197.654131,6.550891,1,1
66,0.0,0.0,0.0,0.0,0.0,0.0,0.0,0.0,0.0,0.0,0.0,0.0,0.0,0.0,0.0,0.0,0.0,0.0,0.0,0.0,0.0,0.0,0.0,0.0,0.0,0.0,0.0,0.0,0.0,0.0,0.0,0.0,0.0,0.0,0.0,0.0,0.0,0.0,0.0,0.0,0.0,0.0,0.0,0.0,0.0,0.0,0.0,0.0,0.0,0.0,0.0,0.0,0.0,0.0,0.0,0.0,0.0,0.0,0.0,0.0,0.0,0.0,0.0,0.0,0.0,0.0,0.0,0.0,0.0,0.0,0.0,0.0,0.0,0.0,0.0,0.0,0.0,0.0,0.0,0.0,Guam,GU,9,0,542.825244,16.703565,1,7
69,0.0,0.0,0.0,0.0,0.0,0.0,0.0,0.0,0.0,0.0,0.0,0.0,0.0,0.0,0.0,0.0,0.0,0.0,0.0,0.0,0.0,0.0,0.0,0.0,0.0,0.0,0.0,0.0,0.0,0.0,0.0,0.0,0.0,0.0,0.0,0.0,0.0,0.0,0.0,0.0,0.0,0.0,0.0,0.0,0.0,0.0,0.0,0.0,0.0,0.0,0.0,0.0,0.0,0.0,0.0,0.0,0.0,0.0,0.0,0.0,0.0,0.0,0.0,0.0,0.0,0.0,0.0,0.0,0.0,0.0,0.0,0.0,0.0,0.0,0.0,0.0,0.0,0.0,0.0,0.0,Commonwealth of the Northern Mariana Islands,MP,9,0,305.212273,0.933721,3,3
72,57344.0,4421140.0,5897183.0,1569725.0,857248.0,386405.0,-2650809264.0,-4666610444.0,-1333080106.0,-1999999394.6,-1999999643.39,9360.0,1570846.0,848295.0,388357.0,-3318019230.0,-4666609623.0,-1999748734.0,-1999999393.5,-1999999646.28,9360.0,1566422.0,837100.0,385017.0,-3318363930.0,-5333275796.0,-1999748751.0,-2666666063.1,-2666666315.17,9360.0,1562341.0,819996.0,384600.0,-3318511530.0,-5333274485.0,-1999748762.0,-3999999406.2,-1999999648.65,9360.0,1560008.0,812253.0,379946.0,-3318685430.0,-4666606494.0,-1999750710.0,-3333332735.7,-1999999649.15,9360.0,1559204.0,817037.0,388253.0,-3318593230.0,-5333272867.0,-2666419335.0,-3333332737.8,-1999999659.09,1553757.0,814154.0,382636.0,-3318300430.0,-5999937158.0,-1333078136.0,-2666666061.2999997,-1333332976.24,1563104.0,829943.0,389715.0,-2650139464.0,-4666597844.0,-1333076162.0,-1999999394.4,-1333332987.45,1575066.0,844228.0,395015.0,-3983325296.0,-3999928272.0,-1333076113.0,-1999999397.4,-1333332994.72,Puerto Rico,PR,9,0,8833.968895,623.282865,78,132
78,0.0,0.0,49197.0,0.0,0.0,0.0,0.0,0.0,0.0,0.0,0.0,0.0,0.0,0.0,0.0,0.0,0.0,0.0,0.0,0.0,0.0,0.0,0.0,0.0,0.0,0.0,0.0,0.0,0.0,0.0,0.0,0.0,0.0,0.0,0.0,0.0,0.0,0.0,0.0,0.0,0.0,0.0,0.0,0.0,0.0,0.0,0.0,0.0,0.0,0.0,0.0,0.0,0.0,0.0,0.0,0.0,0.0,0.0,0.0,0.0,0.0,0.0,0.0,0.0,0.0,0.0,0.0,0.0,0.0,0.0,0.0,0.0,0.0,0.0,0.0,0.0,0.0,0.0,0.0,0.0,United States Virgin Islands,VI,9,0,342.626317,71.746096,3,6
