state_fips,csa_code,cbsa_code,urban_area_code,bachelors_degree_2015,masters_degree_2015,professional_degree_2015,doctorate_degree_2015,total_pop_25plus_2015,employed_2015,unemployed_2015,in_labor_force_2015,total_commuters_2015,mean_travel_time_work_2015,state_2015,bachelors_degree_2016,masters_degree_2016,professional_degree_2016,doctorate_degree_2016,total_pop_25plus_2016,employed_2016,unemployed_2016,in_labor_force_2016,total_commuters_2016,mean_travel_time_work_2016,state_2016,bachelors_degree_2017,masters_degree_2017,professional_degree_2017,doctorate_degree_2017,total_pop_25plus_2017,employed_2017,unemployed_2017,in_labor_force_2017,total_commuters_2017,mean_travel_time_work_2017,state_2017,bachelors_degree_2018,masters_degree_2018,professional_degree_2018,doctorate_degree_2018,total_pop_25plus_2018,employed_2018,unemployed_2018,in_labor_force_2018,total_commuters_2018,mean_travel_time_work_2018,state_2018,bachelors_degree_2019,masters_degree_2019,professional_degree_2019,doctorate_degree_2019,total_pop_25plus_2019,employed_2019,unemployed_2019,in_labor_force_2019,total_commuters_2019,mean_travel_time_work_2019,state_2019,bachelors_degree_2020,masters_degree_2020,professional_degree_2020,doctorate_degree_2020,total_pop_25plus_2020,employed_2020,unemployed_2020,in_labor_force_2020,total_commuters_2020,mean_travel_time_work_2020,bachelors_degree_2021,masters_degree_2021,professional_degree_2021,doctorate_degree_2021,total_pop_25plus_2021,employed_2021,unemployed_2021,in_labor_force_2021,total_commuters_2021,mean_travel_time_work_2021,bachelors_degree_2022,masters_degree_2022,professional_degree_2022,doctorate_degree_2022,total_pop_25plus_2022,employed_2022,unemployed_2022,in_labor_force_2022,total_commuters_2022,mean_travel_time_work_2022,bachelors_degree_2023,masters_degree_2023,professional_degree_2023,doctorate_degree_2023,total_pop_25plus_2023,employed_2023,unemployed_2023,in_labor_force_2023,total_commuters_2023,mean_travel_time_work_2023,state_name,state_abbr,census_region,census_division,land_area_sq_km,water_area_sq_km,county_count,zcta5_count
1,106836.0,12639510.0,4649205.0,478797.0,201973.0,48504.0,32332.0,3239050.0,2022214.0,207088.0,2242281.0,1995361.0,1939704.0,637.0,492369.0,208825.0,49275.0,32572.0,3261184.0,2041957.0,184472.0,2238579.0,2014897.0,1955906.0,637.0,503916.0,215985.0,49443.0,34195.0,3276410.0,2055447.0,165383.0,2233139.0,2030038.0,1967536.0,637.0,515443.0,221842.0,50419.0,34881.0,3299737.0,2076638.0,147892.0,2237088.0,2051375.0,1984494.0,637.0,529178.0,230528.0,50259.0,35796.0,3320686.0,2097314.0,132061.0,2242681.0,2073002.0,2003837.0,637.0,546629.0,239746.0,52169.0,38455.0,3343765.0,2119927.0,125316.0,2259690.0,2094932.0,2002173.0,563628.0,251040.0,54076.0,41681.0,3413779.0,2173597.0,124416.0,2313616.0,2146674.0,2025951.0,572252.0,261024.0,56574.0,42962.0,3428438.0,2209633.0,120030.0,2345053.0,2183644.0,2038238.0,584986.0,269159.0,58744.0,44157.0,3448220.0,2229877.0,112849.0,2358632.0,2202184.0,2031041.0,Alabama,AL,3,6,130158.267592,2767.857576,67,656
2,0.0,607340.0,203927.0,83076.0,33403.0,8271.0,4963.0,463599.0,350357.0,31230.0,398229.0,356194.0,340073.0,474.0,86418.0,35380.0,8522.0,5029.0,469898.0,353209.0,30132.0,399669.0,359188.0,342810.0,474.0,88109.0,35749.0,8863.0,4865.0,474413.0,353038.0,29541.0,399558.0,359644.0,343850.0,474.0,87818.0,36720.0,9494.0,5292.0,476430.0,349864.0,28061.0,395013.0,357293.0,340609.0,474.0,87794.0,37884.0,10362.0,5630.0,479125.0,346342.0,26806.0,390862.0,354926.0,337954.0,474.0,89898.0,39083.0,9581.0,6058.0,481889.0,340078.0,26418.0,385119.0,349739.0,328606.0,92665.0,39503.0,9959.0,6028.0,484122.0,338412.0,25051.0,383406.0,349534.0,324721.0,93706.0,39620.0,9589.0,6418.0,485434.0,338730.0,23026.0,382557.0,350567.0,322339.0,95767.0,40980.0,9292.0,6340.0,487404.0,337739.0,20638.0,380345.0,350699.0,319840.0,Alaska,AK,4,9,528457.601565,26107.37106,30,245
4,105841.0,14525240.0,10171390.0,753297.0,320910.0,73284.0,51278.0,4359557.0,2812413.0,275581.0,3105200.0,2776780.0,2622713.0,1616.0,777521.0,333190.0,76987.0,53529.0,4438945.0,2878504.0,249841.0,3145718.0,2842258.0,2680196.0,1616.0,802215.0,347270.0,79678.0,55222.0,4514610.0,2953152.0,225830.0,3196296.0,2916132.0,2744792.0,1616.0,834903.0,362575.0,83015.0,57310.0,4632454.0,3045309.0,210137.0,3273780.0,3008038.0,2825365.0,1616.0,869239.0,378438.0,86361.0,60223.0,4731249.0,3130143.0,195835.0,3345570.0,3093655.0,2892721.0,1616.0,910863.0,401017.0,91207.0,65127.0,4845053.0,3215391.0,199549.0,3436190.0,3179505.0,2897301.0,923073.0,413298.0,92291.0,66406.0,4790999.0,3210349.0,191254.0,3423884.0,3174470.0,2802672.0,958238.0,429265.0,93897.0,69771.0,4877928.0,3280583.0,186202.0,3489565.0,3243817.0,2781253.0,999233.0,454505.0,99314.0,74027.0,4989294.0,3339610.0,182335.0,3546747.0,3305789.0,2759473.0,Arizona,AZ,4,8,233557.023622,771.302242,15,416
5,50684.0,9190580.0,2115481.0,267705.0,103381.0,24613.0,18348.0,1962386.0,1255998.0,104943.0,1365708.0,1236948.0,1197295.0,2930.0,273521.0,108040.0,24517.0,18317.0,1973222.0,1266482.0,93187.0,1364114.0,1247963.0,1208493.0,2930.0,280641.0,111065.0,26156.0,19493.0,1985389.0,1276384.0,85124.0,1365946.0,1258729.0,1218171.0,2930.0,288686.0,115324.0,27579.0,19958.0,1998793.0,1292129.0,75770.0,1372221.0,1274649.0,1231208.0,2930.0,297282.0,118996.0,27707.0,19268.0,2011297.0,1303464.0,70477.0,1378692.0,1287750.0,1243299.0,2930.0,308687.0,127186.0,28192.0,18651.0,2026482.0,1309695.0,71699.0,1386684.0,1294581.0,1238056.0,313572.0,129016.0,29370.0,19363.0,2021345.0,1311106.0,73733.0,1390616.0,1295882.0,1222949.0,317450.0,134770.0,29822.0,19966.0,2031862.0,1319679.0,71598.0,1397268.0,1304280.0,1216289.0,324638.0,137590.0,29944.0,21060.0,2043857.0,1327895.0,71267.0,1405762.0,1313222.0,1211100.0,Arkansas,AR,3,7,132162.079404,3009.150628,75,614
6,486704.0,60695760.0,51359377.0,5002325.0,1964995.0,583769.0,387789.0,25254472.0,17246036.0,1891061.0,19265444.0,16865127.0,15965086.0,10536.0,5135619.0,2045467.0,597868.0,397071.0,25550578.0,17576705.0,1683687.0,19387095.0,17189573.0,16255746.0,10536.0,5291576.0,2135354.0,616353.0,409983.0,25947095.0,17993433.0,1491111.0,19608288.0,17585364.0,16607573.0,10536.0,5445371.0,2222610.0,627863.0,422389.0,26215127.0,18308413.0,1321450.0,19753792.0,17899834.0,16879285.0,10536.0,5602652.0,2294755.0,645797.0,437096.0,26467890.0,18590773.0,1199185.0,19917175.0,18187252.0,17113493.0,10536.0,5764352.0,2377133.0,667830.0,447022.0,26660978.0,18646207.0,1229037.0,20013104.0,18236092.0,16706668.0,5855319.0,2449582.0,678258.0,468234.0,26796623.0,18676420.0,1303725.0,20128451.0,18282446.0,16205932.0,5935199.0,2515505.0,687281.0,488925.0,26842318.0,18729614.0,1282040.0,20167991.0,18352825.0,15852071.0,6035473.0,2587004.0,703157.0,508592.0,26940729.0,18700035.0,1282246.0,20143371.0,18330404.0,15497525.0,California,CA,4,9,280642.702012,4231.986912,58,1803
8,55723.0,8618650.0,2887063.0,847597.0,360776.0,76095.0,57051.0,3518034.0,2622955.0,195373.0,2850753.0,2605149.0,2431478.0,4200.0,874485.0,376170.0,79514.0,58959.0,3588838.0,2691306.0,171485.0,2895926.0,2672003.0,2484365.0,4200.0,909255.0,391852.0,83171.0,61492.0,3666941.0,2758757.0,152638.0,2944817.0,2740860.0,2538006.0,4200.0,944026.0,409625.0,87457.0,63143.0,3747158.0,2838122.0,139108.0,3010842.0,2820853.0,2602751.0,4200.0,980740.0,428095.0,90509.0,65340.0,3824271.0,2903489.0,131192.0,3068352.0,2885144.0,2647166.0,4200.0,1015721.0,445333.0,93590.0,67777.0,3899390.0,2935949.0,142557.0,3114491.0,2918853.0,2603792.0,1050964.0,464963.0,97473.0,72607.0,3936032.0,2975258.0,145034.0,3157084.0,2958756.0,2544772.0,1083582.0,481709.0,100019.0,76255.0,3981833.0,3021232.0,143470.0,3204890.0,3006347.0,2510548.0,1117686.0,505155.0,103260.0,80142.0,4037509.0,3051017.0,143357.0,3237057.0,3039471.0,2467909.0,Colorado,CO,4,8,267337.42150399997,1201.639295,63,527
9,116784.0,9057100.0,6786951.0,516001.0,297270.0,71852.0,40484.0,2462849.0,1781417.0,172292.0,1962170.0,1748352.0,1671682.0,2520.0,524370.0,300566.0,72543.0,40840.0,2466123.0,1793688.0,155005.0,1957060.0,1761516.0,1680466.0,2520.0,532055.0,306063.0,73239.0,41842.0,2480291.0,1805086.0,140712.0,1954364.0,1773999.0,1688843.0,2520.0,538924.0,309751.0,74380.0,42172.0,2478703.0,1810445.0,125909.0,1944843.0,1780653.0,1690087.0,2520.0,541380.0,315473.0,76404.0,42208.0,2483090.0,1815636.0,116456.0,1940825.0,1786592.0,1692626.0,2520.0,551459.0,323696.0,77718.0,43127.0,2489201.0,1807525.0,116234.0,1933145.0,1777570.0,1641807.0,561567.0,334219.0,79160.0,45020.0,2515137.0,1822995.0,117631.0,1950007.0,1791786.0,1605422.0,573917.0,341203.0,81685.0,46421.0,2520790.0,1832525.0,115050.0,1955341.0,1798193.0,1571527.0,581935.0,348926.0,82933.0,48609.0,2532853.0,1835455.0,109838.0,1953702.0,1800904.0,1542438.0,Connecticut,CT,1,1,12541.938758,504.647518,9,288
10,19688.0,2379880.0,1815785.0,112141.0,55594.0,11160.0,10467.0,631118.0,433816.0,36223.0,473007.0,427787.0,409934.0,670.0,115770.0,57237.0,11650.0,10664.0,640915.0,438292.0,33669.0,474821.0,432424.0,413650.0,670.0,117478.0,60642.0,12303.0,11346.0,651540.0,441513.0,30245.0,474774.0,435351.0,415725.0,670.0,120794.0,62275.0,12399.0,11764.0,659979.0,450946.0,28501.0,482623.0,444908.0,423275.0,670.0,124632.0,64883.0,12849.0,11774.0,669320.0,455620.0,26481.0,485533.0,450308.0,427763.0,670.0,129092.0,67357.0,12205.0,13389.0,679870.0,456872.0,28334.0,489325.0,451927.0,419600.0,134284.0,71970.0,12917.0,13243.0,690891.0,464600.0,28035.0,496989.0,459714.0,414509.0,139241.0,75037.0,13180.0,13931.0,700668.0,474592.0,27360.0,505910.0,469018.0,414462.0,144361.0,77435.0,14283.0,14574.0,710707.0,481838.0,25683.0,511474.0,476386.0,413067.0,Delaware,DE,3,5,5058.493859,244.469435,3,68
11,31236.0,2730300.0,5257794.0,105845.0,85795.0,37856.0,18221.0,453722.0,337815.0,35811.0,377011.0,335163.0,318410.0,495.0,108216.0,90366.0,38536.0,19162.0,462846.0,348225.0,33326.0,385006.0,345685.0,327680.0,495.0,113789.0,96398.0,39862.0,20333.0,477723.0,357701.0,31279.0,392383.0,354620.0,334460.0,495.0,118788.0,100571.0,40220.0,20741.0,486903.0,369194.0,29373.0,401716.0,366144.0,343739.0,495.0,122360.0,104526.0,41447.0,20906.0,494079.0,376871.0,27967.0,407889.0,373829.0,349082.0,495.0,126800.0,106879.0,45699.0,20589.0,501978.0,382100.0,29290.0,414355.0,379049.0,332585.0,124285.0,106838.0,47536.0,20810.0,487726.0,373967.0,28493.0,405651.0,371014.0,297447.0,124860.0,109410.0,48095.0,21167.0,484596.0,369398.0,28264.0,400930.0,366965.0,275130.0,126307.0,109725.0,49738.0,22136.0,484406.0,371410.0,25748.0,400621.0,368917.0,260295.0,District of Columbia,DC,3,5,158.316181,18.709785,1,57
12,240687.0,32516300.0,32727371.0,2418513.0,932223.0,274741.0,154629.0,13823856.0,8541063.0,915976.0,9510358.0,8432190.0,8001015.0,11772.0,2514162.0,972529.0,285035.0,157870.0,14093074.0,8755023.0,802016.0,9612931.0,8649137.0,8182481.0,11772.0,2616238.0,1021886.0,295180.0,162324.0,14395235.0,9017888.0,699117.0,9771856.0,8906265.0,8405906.0,11772.0,2721485.0,1081824.0,310208.0,169708.0,14685750.0,9253165.0,622978.0,9930791.0,9139385.0,8604930.0,11772.0,2827786.0,1138780.0,328676.0,176198.0,14964567.0,9494510.0,561448.0,10114864.0,9381949.0,8803607.0,11772.0,2938249.0,1196446.0,344232.0,180565.0,15253959.0,9683619.0,556085.0,10306742.0,9558455.0,8816484.0,3038293.0,1253271.0,356975.0,191417.0,15349290.0,9824911.0,552125.0,10448290.0,9698180.0,8741175.0,3154229.0,1308557.0,372331.0,202326.0,15579824.0,10023737.0,531896.0,10629693.0,9897435.0,8716108.0,3285351.0,1377550.0,385231.0,215765.0,15850231.0,10209376.0,516132.0,10803508.0,10084623.0,8678598.0,Florida,FL,3,5,124681.386424,10904.71147,67,1013
13,83536.0,12360000.0,4160461.0,1177995.0,490472.0,126054.0,78693.0,6499726.0,4387937.0,468932.0,4905801.0,4341466.0,4130511.0,9490.0,1208516.0,515282.0,131066.0,82955.0,6588989.0,4488768.0,419113.0,4956604.0,4438194.0,4213995.0,9490.0,1241803.0,539013.0,136749.0,85658.0,6693395.0,4605932.0,372581.0,5025909.0,4552964.0,4314784.0,9490.0,1282719.0,564822.0,142760.0,89516.0,6786152.0,4720666.0,322854.0,5090733.0,4667009.0,4412507.0,9490.0,1324601.0,590506.0,149144.0,93108.0,6887804.0,4834224.0,290560.0,5174140.0,4780823.0,4502110.0,9490.0,1377126.0,619085.0,157491.0,98699.0,6995863.0,4909934.0,291506.0,5254257.0,4851531.0,4475058.0,1426415.0,643718.0,161767.0,103325.0,7075880.0,4983753.0,290843.0,5329864.0,4926936.0,4427990.0,1464589.0,669304.0,165134.0,108680.0,7158647.0,5069418.0,280651.0,5406476.0,5010799.0,4396399.0,1503574.0,696210.0,168691.0,112432.0,7253082.0,5130869.0,276950.0,5467313.0,5071788.0,4349650.0,Georgia,GA,3,5,144389.621531,2928.608057,159,751
15,0.0,3363540.0,1212428.0,196010.0,66155.0,21744.0,12805.0,962010.0,653242.0,42288.0,736897.0,678237.0,647380.0,1410.0,201712.0,67433.0,22331.0,13725.0,972900.0,664571.0,38768.0,742116.0,687189.0,655595.0,1410.0,209097.0,69536.0,22323.0,14394.0,984268.0,671706.0,34380.0,746388.0,695088.0,663198.0,1410.0,212053.0,72121.0,22668.0,14154.0,988367.0,677446.0,32036.0,749527.0,700228.0,666876.0,1410.0,215777.0,74614.0,22900.0,14175.0,993005.0,680258.0,30269.0,752064.0,704850.0,670910.0,1410.0,218679.0,77639.0,23019.0,15152.0,996423.0,674453.0,32187.0,750350.0,698429.0,657643.0,226399.0,83849.0,24381.0,15789.0,1020422.0,680301.0,37152.0,764801.0,707605.0,658351.0,227243.0,85984.0,25539.0,16217.0,1022529.0,675071.0,35913.0,760387.0,704432.0,648127.0,230641.0,89317.0,27515.0,16925.0,1027351.0,668094.0,35378.0,752761.0,697455.0,636184.0,Hawaii,HI,4,9,12175.636063,1193.860968,5,97
16,30666.0,5170200.0,774769.0,182721.0,59019.0,14843.0,10679.0,1033034.0,717140.0,55498.0,776008.0,705503.0,663581.0,4528.0,187956.0,60751.0,15692.0,11331.0,1050340.0,732802.0,48580.0,784852.0,721440.0,678827.0,4528.0,194974.0,63098.0,15806.0,12107.0,1067932.0,750211.0,42543.0,796437.0,738526.0,694815.0,4528.0,199419.0,65801.0,15792.0,13150.0,1092103.0,770363.0,37800.0,812242.0,759017.0,712927.0,4528.0,208046.0,69863.0,16945.0,13659.0,1118532.0,793909.0,36075.0,834165.0,783232.0,734463.0,4528.0,221820.0,74381.0,18198.0,14903.0,1148299.0,819892.0,36001.0,860449.0,808897.0,746213.0,232043.0,80003.0,19279.0,14986.0,1187977.0,849215.0,35657.0,889795.0,837906.0,760380.0,245013.0,85925.0,20747.0,15472.0,1215283.0,875276.0,34152.0,914696.0,864468.0,770757.0,259383.0,91389.0,21445.0,16674.0,1247067.0,897941.0,34218.0,937331.0,886622.0,778145.0,Idaho,ID,4,8,158489.256675,2069.422853,44,281
17,278429.0,28096535.0,11325398.0,1711776.0,778338.0,183531.0,104191.0,8600080.0,6086205.0,608490.0,6712115.0,5983815.0,5730893.0,23477.0,1744255.0,800447.0,183437.0,106698.0,8618204.0,6134105.0,545614.0,6696963.0,6033467.0,5768376.0,23477.0,1776326.0,823783.0,187683.0,110749.0,8665942.0,6181543.0,491310.0,6690085.0,6080152.0,5803918.0,23477.0,1801832.0,847653.0,194142.0,114118.0,8682206.0,6225845.0,437139.0,6679878.0,6124025.0,5833296.0,23477.0,1831436.0,862395.0,199455.0,116692.0,8686214.0,6250765.0,394981.0,6663420.0,6151868.0,5847655.0,23477.0,1874988.0,884755.0,206155.0,119321.0,8686588.0,6236640.0,395113.0,6649889.0,6129061.0,5686512.0,1910756.0,920298.0,212604.0,125910.0,8764865.0,6273462.0,413041.0,6705173.0,6164657.0,5554053.0,1924326.0,938097.0,214115.0,130899.0,8746391.0,6280431.0,397747.0,6697647.0,6171875.0,5425297.0,1949185.0,952141.0,214504.0,133650.0,8738580.0,6253226.0,384790.0,6658857.0,6144821.0,5284483.0,Illinois,IL,2,3,143717.633248,2194.471995,102,1396
18,162097.0,19087700.0,7145554.0,664747.0,275285.0,57184.0,43040.0,4316236.0,3038733.0,258709.0,3300376.0,2986051.0,2886665.0,13932.0,681986.0,283692.0,59629.0,42755.0,4339655.0,3085092.0,228908.0,3316737.0,3030592.0,2926064.0,13932.0,704841.0,295381.0,61383.0,44691.0,4369415.0,3124195.0,202177.0,3329250.0,3068872.0,2956813.0,13932.0,727108.0,304487.0,62880.0,45421.0,4399778.0,3164326.0,180947.0,3348367.0,3106984.0,2990381.0,13932.0,749078.0,311229.0,64901.0,46934.0,4430449.0,3202408.0,161328.0,3367397.0,3146364.0,3021837.0,13932.0,770901.0,325852.0,67424.0,48601.0,4466141.0,3219596.0,159865.0,3383282.0,3158614.0,2985856.0,797977.0,334885.0,69354.0,51083.0,4501214.0,3250923.0,160490.0,3416171.0,3189106.0,2966202.0,815853.0,342003.0,69602.0,52190.0,4532091.0,3286714.0,154602.0,3446205.0,3222821.0,2958495.0,835437.0,351821.0,70656.0,55172.0,4559304.0,3302869.0,148579.0,3456888.0,3240266.0,2930384.0,Indiana,IN,2,3,92369.414544,982.437518,92,807
19,91021.0,12331440.0,3078868.0,372499.0,120600.0,30997.0,22408.0,2049835.0,1573386.0,81566.0,1656675.0,1546493.0,1477401.0,17727.0,379684.0,124695.0,32010.0,23087.0,2059273.0,1586914.0,75143.0,1663760.0,1559877.0,1489433.0,17727.0,387010.0,128755.0,32661.0,24062.0,2068443.0,1599532.0,68918.0,1670162.0,1573152.0,1500890.0,17727.0,395867.0,132758.0,33975.0,24480.0,2081843.0,1609319.0,65138.0,1676099.0,1583126.0,1507846.0,17727.0,403851.0,135220.0,34033.0,24784.0,2093164.0,1613775.0,62538.0,1677979.0,1587199.0,1509527.0,17727.0,415123.0,140434.0,35376.0,26267.0,2105240.0,1611372.0,65731.0,1679281.0,1583508.0,1482085.0,423927.0,144062.0,34880.0,26932.0,2120276.0,1620962.0,65908.0,1689519.0,1593039.0,1464257.0,433449.0,148294.0,36031.0,27645.0,2131599.0,1627642.0,64699.0,1695444.0,1598867.0,1450429.0,441466.0,154300.0,36061.0,28887.0,2140847.0,1629835.0,61414.0,1694396.0,1601531.0,1434574.0,Iowa,IA,2,4,145042.392455,1071.987781,99,970
20,80728.0,12598420.0,5924953.0,374237.0,150922.0,33203.0,21881.0,1869881.0,1401247.0,88456.0,1507132.0,1393903.0,1336568.0,13951.0,380423.0,156697.0,34494.0,22232.0,1878670.0,1408976.0,79001.0,1505306.0,1402735.0,1344463.0,13951.0,389042.0,162942.0,35336.0,23074.0,1886762.0,1420094.0,71010.0,1509534.0,1415023.0,1353953.0,13951.0,394499.0,168752.0,36091.0,23781.0,1894651.0,1428644.0,65040.0,1511691.0,1422976.0,1359578.0,13951.0,400974.0,173183.0,37218.0,23742.0,1902289.0,1440478.0,60985.0,1519798.0,1435460.0,1369047.0,13951.0,410357.0,176269.0,37198.0,24813.0,1911858.0,1444088.0,61265.0,1523269.0,1436581.0,1345102.0,415198.0,181965.0,37563.0,26514.0,1922076.0,1450331.0,61849.0,1530547.0,1441491.0,1324814.0,417269.0,185317.0,38168.0,27522.0,1926643.0,1452973.0,60637.0,1533813.0,1445579.0,1307886.0,425533.0,188361.0,38106.0,27680.0,1933407.0,1454853.0,59156.0,1534684.0,1448614.0,1294100.0,Kansas,KS,2,4,210781.421326,1288.835166,105,705
21,97133.0,13011330.0,3871836.0,385853.0,195923.0,48430.0,27802.0,2949625.0,1888749.0,173767.0,2071421.0,1856179.0,1798186.0,15939.0,396464.0,199069.0,49548.0,28184.0,2964806.0,1911560.0,155968.0,2076197.0,1878050.0,1816614.0,15939.0,406270.0,205127.0,51720.0,28577.0,2981333.0,1935436.0,140218.0,2084252.0,1900514.0,1835269.0,15939.0,415229.0,210869.0,53110.0,29358.0,2999143.0,1956627.0,127781.0,2092037.0,1920484.0,1850963.0,15939.0,428155.0,216266.0,55225.0,30470.0,3013992.0,1975593.0,116525.0,2099314.0,1939862.0,1865354.0,15939.0,447022.0,223307.0,55780.0,32051.0,3029376.0,1991154.0,112847.0,2111136.0,1952925.0,1848987.0,461256.0,232844.0,56514.0,33745.0,3049620.0,2007875.0,112494.0,2127915.0,1969030.0,1837244.0,477470.0,241087.0,56939.0,35681.0,3063196.0,2024268.0,108326.0,2140499.0,1987123.0,1828679.0,489240.0,244905.0,60045.0,35961.0,3074131.0,2031855.0,103177.0,2143702.0,1995930.0,1813942.0,Kentucky,KY,3,6,101146.541317,1569.9309,120,779
22,114684.0,12292540.0,5420286.0,451038.0,158826.0,47541.0,27903.0,3039673.0,2015876.0,178144.0,2208690.0,1986182.0,1937001.0,11308.0,461793.0,163465.0,49436.0,29170.0,3065606.0,2025539.0,168318.0,2208942.0,1997432.0,1944634.0,11308.0,473897.0,168699.0,51419.0,29420.0,3091702.0,2031046.0,157175.0,2203852.0,2007151.0,1950355.0,11308.0,483151.0,173858.0,51432.0,29133.0,3107654.0,2030945.0,149850.0,2196871.0,2007429.0,1947139.0,11308.0,490463.0,180454.0,53075.0,29532.0,3124822.0,2033553.0,141020.0,2191785.0,2012850.0,1946665.0,11308.0,499851.0,195668.0,54149.0,30721.0,3138952.0,2023554.0,142088.0,2184810.0,2002607.0,1917594.0,511402.0,200389.0,56205.0,31996.0,3133449.0,2013627.0,146299.0,2179429.0,1991078.0,1886065.0,519468.0,206663.0,56332.0,33039.0,3120794.0,2018974.0,142144.0,2179950.0,1995044.0,1870694.0,521655.0,210680.0,57559.0,35843.0,3109930.0,2013040.0,135734.0,2168689.0,1989447.0,1845528.0,Louisiana,LA,3,7,104199.7539,6122.682971,64,539
23,41610.0,4422260.0,1338380.0,178230.0,69282.0,16387.0,12033.0,952500.0,648510.0,47414.0,697653.0,635301.0,600866.0,9785.0,180344.0,71148.0,16653.0,12270.0,956849.0,652535.0,41552.0,695857.0,639015.0,604012.0,9785.0,185765.0,75011.0,17258.0,12809.0,960811.0,658515.0,36725.0,697099.0,645155.0,608768.0,9785.0,190144.0,78008.0,18279.0,12812.0,967846.0,665092.0,32209.0,699090.0,651701.0,614194.0,9785.0,194732.0,82115.0,19769.0,13226.0,974047.0,670345.0,28932.0,701208.0,656946.0,617892.0,9785.0,199724.0,85859.0,20165.0,13366.0,982322.0,675719.0,28443.0,706156.0,662482.0,608809.0,209261.0,89026.0,21308.0,14850.0,995158.0,681295.0,30165.0,713331.0,667950.0,598041.0,214755.0,90872.0,22065.0,15603.0,1006260.0,683498.0,28762.0,714461.0,670294.0,587589.0,223736.0,95816.0,23323.0,16482.0,1016912.0,688364.0,28048.0,718521.0,674770.0,579408.0,Maine,ME,1,1,65666.22184,7025.074448,16,427
24,235844.0,12979220.0,8213114.0,826417.0,478920.0,116641.0,100943.0,4018246.0,2976387.0,238027.0,3241105.0,2942252.0,2818654.0,11160.0,838713.0,495639.0,119846.0,102457.0,4052314.0,3005577.0,216086.0,3249735.0,2974362.0,2844280.0,11160.0,860291.0,510396.0,121915.0,104333.0,4095164.0,3040685.0,198375.0,3266962.0,3008196.0,2872390.0,11160.0,877627.0,522616.0,124552.0,105701.0,4114577.0,3051185.0,181089.0,3261507.0,3021819.0,2879404.0,11160.0,891486.0,535903.0,126392.0,108867.0,4138697.0,3073733.0,164396.0,3269081.0,3046296.0,2894415.0,11160.0,907499.0,553599.0,130225.0,111787.0,4164385.0,3076131.0,167571.0,3275805.0,3046963.0,2799747.0,934004.0,578583.0,134194.0,115661.0,4240522.0,3120834.0,175465.0,3330094.0,3091534.0,2724530.0,952888.0,590583.0,135879.0,119364.0,4259791.0,3131276.0,168920.0,3331776.0,3100944.0,2646131.0,959903.0,607428.0,135295.0,123392.0,4272548.0,3133156.0,162730.0,3328364.0,3104477.0,2571755.0,Maryland,MD,3,5,24977.722825,1958.976529,24,477
25,108470.0,14005600.0,10343458.0,1048981.0,572027.0,130276.0,115461.0,4609970.0,3415513.0,280142.0,3700217.0,3346314.0,3194623.0,13300.0,1071917.0,591825.0,133849.0,118827.0,4649325.0,3468303.0,252347.0,3725277.0,3399282.0,3240962.0,13300.0,1101488.0,617245.0,136711.0,125139.0,4706010.0,3525164.0,224856.0,3754973.0,3453565.0,3285363.0,13300.0,1128799.0,637535.0,141895.0,129286.0,4748421.0,3569870.0,203464.0,3778255.0,3499860.0,3323880.0,13300.0,1151801.0,656425.0,145310.0,135362.0,4781390.0,3612099.0,183355.0,3800655.0,3544777.0,3362166.0,13300.0,1181305.0,675170.0,147105.0,140175.0,4814848.0,3615399.0,193763.0,3814751.0,3544017.0,3251292.0,1215904.0,701003.0,151981.0,147426.0,4902514.0,3666940.0,209857.0,3882303.0,3591519.0,3164316.0,1234282.0,717317.0,153045.0,154129.0,4919721.0,3671408.0,206035.0,3882700.0,3595183.0,3068803.0,1249617.0,739993.0,155415.0,160851.0,4945451.0,3686972.0,199859.0,3892612.0,3609476.0,3005054.0,Massachusetts,MA,1,1,20114.761272,1433.134379,14,539
26,171905.0,19538750.0,9122029.0,1094932.0,512955.0,110322.0,73679.0,6652580.0,4373449.0,477743.0,4854933.0,4279547.0,4123521.0,25454.0,1117693.0,526378.0,111392.0,76331.0,6682833.0,4449691.0,412931.0,4866340.0,4356475.0,4193451.0,25454.0,1147835.0,545872.0,114622.0,78702.0,6719854.0,4524796.0,361486.0,4890126.0,4430913.0,4260563.0,25454.0,1179674.0,559639.0,118563.0,79170.0,6772115.0,4598410.0,320863.0,4923094.0,4504917.0,4329926.0,25454.0,1207826.0,575815.0,120906.0,80617.0,6813343.0,4654822.0,293755.0,4952756.0,4561428.0,4376675.0,25454.0,1251098.0,592302.0,127994.0,83715.0,6853525.0,4658265.0,298066.0,4960886.0,4560667.0,4288554.0,1287853.0,615469.0,130123.0,86211.0,6923115.0,4692408.0,310550.0,5007904.0,4594452.0,4211727.0,1311604.0,627214.0,132170.0,89356.0,6938421.0,4711443.0,302167.0,5018589.0,4613165.0,4141682.0,1343507.0,643066.0,133714.0,92809.0,6967434.0,4712134.0,290715.0,5008263.0,4616509.0,4064207.0,Michigan,MI,2,3,145281.834249,7751.200425,83,992
27,160668.0,18028850.0,8068226.0,818280.0,284077.0,75485.0,47313.0,3632733.0,2826954.0,167765.0,2996745.0,2776292.0,2631881.0,23652.0,834271.0,292947.0,76637.0,50031.0,3661919.0,2864246.0,145865.0,3012339.0,2811970.0,2661612.0,23652.0,849431.0,304155.0,79382.0,52727.0,3698352.0,2903871.0,130519.0,3036473.0,2851312.0,2695885.0,23652.0,871355.0,315353.0,81725.0,54298.0,3731574.0,2931261.0,119226.0,3052816.0,2879614.0,2716697.0,23652.0,892876.0,327676.0,83425.0,55184.0,3766836.0,2958444.0,111126.0,3072084.0,2907312.0,2734803.0,23652.0,919026.0,339179.0,84179.0,56169.0,3802426.0,2957519.0,117131.0,3078257.0,2903005.0,2654567.0,944818.0,354494.0,87790.0,58456.0,3847929.0,2980626.0,125304.0,3109959.0,2926065.0,2591195.0,965636.0,364278.0,89685.0,60300.0,3874811.0,2989306.0,123492.0,3116902.0,2934716.0,2534281.0,984780.0,373799.0,91066.0,63798.0,3897947.0,2989509.0,122327.0,3115906.0,2935375.0,2470192.0,Minnesota,MN,2,4,204304.729886,11604.61784,87,881
28,62167.0,7771820.0,2234350.0,251217.0,106977.0,25040.0,17753.0,1940042.0,1203696.0,138387.0,1352717.0,1189598.0,1163225.0,11648.0,255615.0,110498.0,25455.0,18323.0,1949427.0,1212510.0,128781.0,1351598.0,1198750.0,1172624.0,11648.0,259993.0,112174.0,26246.0,18905.0,1955941.0,1221742.0,117736.0,1349728.0,1208322.0,1182505.0,11648.0,266274.0,116055.0,27736.0,19112.0,1967036.0,1228336.0,109982.0,1349085.0,1215496.0,1187717.0,11648.0,269736.0,118193.0,27801.0,19423.0,1975432.0,1235086.0,99733.0,1346540.0,1223413.0,1193638.0,11648.0,274566.0,126383.0,29908.0,20342.0,1982893.0,1242970.0,95379.0,1351570.0,1230827.0,1193543.0,280300.0,127517.0,29987.0,21058.0,1974020.0,1240779.0,91177.0,1345027.0,1227825.0,1181304.0,286082.0,131660.0,30003.0,22283.0,1968198.0,1245907.0,85519.0,1344344.0,1232833.0,1177221.0,290084.0,133953.0,29386.0,22532.0,1970157.0,1247187.0,79706.0,1340345.0,1236038.0,1170694.0,Mississippi,MS,3,6,120838.747677,1833.014757,82,427
29,151830.0,20293760.0,9969757.0,685461.0,300156.0,67389.0,45873.0,4052374.0,2807879.0,226528.0,3053821.0,2774877.0,2653347.0,29522.0,701884.0,308810.0,68040.0,46927.0,4073493.0,2835091.0,200143.0,3054933.0,2803511.0,2675318.0,29522.0,718234.0,318063.0,70213.0,49226.0,4100289.0,2867331.0,175919.0,3062595.0,2834973.0,2701847.0,29522.0,729584.0,329174.0,72419.0,49939.0,4125080.0,2888018.0,155958.0,3062420.0,2855574.0,2717837.0,29522.0,745850.0,340224.0,74401.0,52067.0,4150235.0,2915912.0,139789.0,3074551.0,2884970.0,2742194.0,29522.0,770271.0,350946.0,76232.0,53118.0,4176808.0,2932760.0,138667.0,3090089.0,2897487.0,2707636.0,789952.0,363092.0,78069.0,54081.0,4188024.0,2945948.0,138812.0,3104169.0,2910907.0,2666801.0,804605.0,370034.0,80507.0,54700.0,4199335.0,2954859.0,132653.0,3107509.0,2920197.0,2630332.0,824706.0,380544.0,82828.0,57176.0,4217589.0,2974510.0,127716.0,3121729.0,2938064.0,2597489.0,Missouri,MO,2,4,178011.060774,2529.91895,115,1035
30,0.0,2487980.0,369288.0,138166.0,44941.0,11869.0,8546.0,690809.0,485743.0,32361.0,521627.0,478529.0,448783.0,10800.0,141006.0,47157.0,12667.0,8307.0,698757.0,490980.0,29403.0,523858.0,484119.0,453503.0,10800.0,145163.0,49653.0,12631.0,8939.0,704228.0,498216.0,25095.0,526628.0,491043.0,459651.0,10800.0,148716.0,52014.0,13171.0,9067.0,714613.0,507461.0,22458.0,533091.0,500068.0,467556.0,10800.0,155327.0,52790.0,14134.0,9504.0,723633.0,512540.0,21539.0,537109.0,504894.0,472125.0,10800.0,163274.0,54756.0,15469.0,10095.0,735095.0,520252.0,22573.0,545870.0,512422.0,471288.0,166952.0,57520.0,15669.0,11229.0,746993.0,526968.0,22313.0,552481.0,519193.0,470206.0,170659.0,59335.0,15768.0,11985.0,758613.0,534342.0,21647.0,559676.0,527201.0,471175.0,176074.0,60842.0,16526.0,12774.0,770811.0,539472.0,21053.0,564408.0,532853.0,471251.0,Montana,MT,4,8,371559.467649,3699.995461,56,369
31,62133.0,7972160.0,3120046.0,238150.0,82223.0,20793.0,14654.0,1215065.0,967949.0,47611.0,1020243.0,955844.0,913890.0,17918.0,245278.0,85586.0,21320.0,14589.0,1222842.0,977120.0,42553.0,1024513.0,964713.0,922862.0,17918.0,251169.0,88664.0,21989.0,15611.0,1233473.0,987042.0,38868.0,1030818.0,974465.0,932429.0,17918.0,258284.0,92719.0,21949.0,16253.0,1242049.0,993613.0,36539.0,1035381.0,980677.0,937171.0,17918.0,262585.0,96916.0,22846.0,16844.0,1250668.0,998982.0,34530.0,1039263.0,987438.0,942634.0,17918.0,269294.0,99681.0,23600.0,16717.0,1259338.0,999582.0,35112.0,1040571.0,987348.0,927925.0,274647.0,103398.0,24416.0,17711.0,1275256.0,1011910.0,34469.0,1052282.0,1000082.0,923811.0,280077.0,106138.0,25033.0,18160.0,1283360.0,1015645.0,32155.0,1054272.0,1004627.0,915339.0,286362.0,109154.0,26179.0,18518.0,1290335.0,1018880.0,31425.0,1056808.0,1008402.0,907509.0,Nebraska,NE,2,4,199561.684813,1381.187425,93,584
32,50896.0,5023140.0,3354661.0,285543.0,102241.0,29472.0,16273.0,1884011.0,1267259.0,148442.0,1424518.0,1251818.0,1211068.0,5536.0,293604.0,105753.0,29702.0,16525.0,1922032.0,1302177.0,133507.0,1443618.0,1285436.0,1239458.0,5536.0,306657.0,111427.0,30927.0,17143.0,1967994.0,1341418.0,116276.0,1465371.0,1323201.0,1272809.0,5536.0,317531.0,116738.0,32675.0,18419.0,2001309.0,1370619.0,101740.0,1480290.0,1351964.0,1298429.0,5536.0,330237.0,122030.0,33876.0,19558.0,2044618.0,1406584.0,92416.0,1507393.0,1388361.0,1328866.0,5536.0,348514.0,128719.0,35586.0,20179.0,2093633.0,1425090.0,100210.0,1534618.0,1402554.0,1321561.0,359694.0,134485.0,36216.0,21184.0,2116413.0,1429452.0,109502.0,1549592.0,1406722.0,1302489.0,371737.0,139844.0,37706.0,22672.0,2154201.0,1456356.0,109909.0,1578510.0,1434112.0,1305216.0,390015.0,149140.0,38356.0,23845.0,2195726.0,1474222.0,107720.0,1594955.0,1453184.0,1300766.0,Nevada,NV,4,8,124840.670134,724.784772,17,180
33,26621.0,4961690.0,2085776.0,201888.0,90802.0,16109.0,13755.0,924537.0,698357.0,42710.0,742398.0,681566.0,640556.0,8085.0,205905.0,94000.0,17198.0,13368.0,931758.0,706372.0,37711.0,745758.0,689566.0,647719.0,8085.0,209104.0,97849.0,18067.0,13370.0,938925.0,713011.0,33554.0,748354.0,696086.0,653658.0,8085.0,213096.0,101177.0,19023.0,13887.0,951480.0,723548.0,30380.0,755758.0,706573.0,661351.0,8085.0,217952.0,104353.0,19442.0,13863.0,959885.0,729423.0,27420.0,758793.0,714314.0,666928.0,8085.0,223770.0,106487.0,19385.0,14939.0,970726.0,729994.0,28478.0,760777.0,715339.0,656089.0,230302.0,110980.0,19946.0,15789.0,985825.0,738379.0,28945.0,769664.0,724244.0,645819.0,236167.0,116367.0,19939.0,16942.0,997054.0,740860.0,27426.0,770225.0,726122.0,630829.0,243478.0,120234.0,20737.0,17355.0,1008940.0,744984.0,25914.0,772817.0,730979.0,620644.0,New Hampshire,NH,1,1,22579.429285,821.145474,10,246
34,242432.0,20659680.0,26607699.0,1387201.0,615746.0,148177.0,90732.0,6091488.0,4281760.0,413343.0,4702508.0,4190538.0,4021444.0,20162.0,1411979.0,635445.0,150681.0,91936.0,6112514.0,4322613.0,368855.0,4699592.0,4233586.0,4058527.0,20162.0,1439971.0,658970.0,154079.0,94816.0,6163652.0,4388020.0,328134.0,4724205.0,4300869.0,4119481.0,20162.0,1457910.0,671274.0,158342.0,96530.0,6129400.0,4390500.0,285048.0,4683974.0,4303016.0,4114586.0,20162.0,1489653.0,690446.0,161719.0,99133.0,6146246.0,4422394.0,258062.0,4689721.0,4336787.0,4140630.0,20162.0,1530150.0,713029.0,168227.0,101656.0,6169384.0,4426538.0,271765.0,4708995.0,4332362.0,4015989.0,1611515.0,763884.0,178003.0,107451.0,6411606.0,4588902.0,304973.0,4905036.0,4489790.0,4012562.0,1636308.0,785250.0,182433.0,111577.0,6427003.0,4619369.0,307824.0,4939081.0,4517714.0,3927757.0,1666634.0,808480.0,182536.0,114036.0,6459220.0,4644770.0,304881.0,4961028.0,4541915.0,3858660.0,New Jersey,NJ,1,2,18940.239038,1112.350989,21,598
35,18809.0,7484600.0,602129.0,202416.0,110915.0,21734.0,25246.0,1369219.0,876594.0,89071.0,974597.0,871650.0,830818.0,12792.0,206373.0,113468.0,21909.0,24662.0,1375250.0,876640.0,81350.0,966982.0,872491.0,831443.0,12792.0,208947.0,115087.0,22612.0,24847.0,1382770.0,879454.0,73828.0,962494.0,875725.0,833817.0,12792.0,213303.0,116028.0,23597.0,25488.0,1395314.0,865521.0,66772.0,941746.0,863260.0,821467.0,12792.0,215894.0,117446.0,24952.0,25504.0,1404395.0,888981.0,63554.0,962430.0,887255.0,843797.0,12792.0,224230.0,123720.0,25510.0,25261.0,1416136.0,889606.0,62598.0,963212.0,886660.0,829969.0,225850.0,127535.0,27279.0,26780.0,1427849.0,889993.0,63182.0,965071.0,887809.0,814795.0,230985.0,131656.0,26832.0,27795.0,1435115.0,903533.0,60076.0,977466.0,902362.0,815772.0,241114.0,138955.0,28774.0,29853.0,1452498.0,913190.0,58195.0,985994.0,911484.0,811291.0,New Mexico,NM,4,8,266777.602459,663.081649,33,373
36,455704.0,49575150.0,38473518.0,2604025.0,1433254.0,365654.0,193097.0,13435223.0,9254172.0,829128.0,10106770.0,9064556.0,8709286.0,64260.0,2654134.0,1465892.0,372231.0,199044.0,13503495.0,9340489.0,759191.0,10122546.0,9147395.0,8781151.0,64260.0,2718856.0,1515937.0,381597.0,204211.0,13660207.0,9467255.0,685336.0,10175648.0,9269186.0,8890368.0,64260.0,2748372.0,1541576.0,390755.0,207127.0,13605577.0,9444655.0,602600.0,10069600.0,9246106.0,8856979.0,64260.0,2799699.0,1575610.0,400322.0,209893.0,13631298.0,9497980.0,547481.0,10068728.0,9299886.0,8893257.0,64260.0,2854749.0,1625749.0,414019.0,218016.0,13648520.0,9438277.0,570542.0,10032222.0,9218586.0,8584420.0,2996306.0,1706772.0,433494.0,230140.0,14081080.0,9663517.0,642913.0,10331727.0,9440371.0,8540691.0,3033763.0,1731771.0,435559.0,238322.0,14021808.0,9615537.0,638401.0,10279583.0,9394994.0,8306205.0,3077903.0,1764989.0,437802.0,245074.0,13940785.0,9526489.0,629960.0,10182262.0,9309223.0,8064401.0,New York,NY,1,2,121319.237652,3351.655821,62,1826
37,181928.0,20520900.0,7809640.0,1213539.0,467468.0,101314.0,84344.0,6582045.0,4372599.0,453402.0,4908916.0,4361432.0,4157239.0,29822.0,1255501.0,492682.0,104995.0,87147.0,6684429.0,4460676.0,404575.0,4948108.0,4447952.0,4233027.0,29822.0,1303557.0,520650.0,110809.0,90606.0,6783786.0,4570871.0,352282.0,5019677.0,4570181.0,4334595.0,29822.0,1345821.0,543558.0,116857.0,92923.0,6881544.0,4665687.0,312608.0,5071368.0,4660242.0,4407210.0,29822.0,1395198.0,569326.0,121889.0,96416.0,6983611.0,4764007.0,281314.0,5139631.0,4758614.0,4482474.0,29822.0,1448945.0,596136.0,131433.0,97341.0,7096496.0,4833754.0,278299.0,5210359.0,4829448.0,4458601.0,1481848.0,621189.0,134988.0,101138.0,7084876.0,4845768.0,273629.0,5219602.0,4840986.0,4343047.0,1533552.0,648712.0,139534.0,107092.0,7172112.0,4925500.0,263374.0,5290874.0,4919645.0,4310113.0,1582709.0,681421.0,144873.0,112350.0,7261870.0,4990770.0,253256.0,5352038.0,4991866.0,4269377.0,North Carolina,NC,3,5,125858.6378,4989.760767,100,853
38,9516.0,4076300.0,363267.0,93856.0,23913.0,6307.0,5350.0,467418.0,387241.0,11459.0,404340.0,385391.0,366068.0,14524.0,97799.0,25019.0,6370.0,5258.0,477007.0,395135.0,11219.0,412451.0,393424.0,374237.0,14524.0,102407.0,26071.0,6582.0,5114.0,484955.0,400055.0,11057.0,417466.0,398578.0,379484.0,14524.0,105446.0,26887.0,6957.0,4978.0,489630.0,400428.0,11662.0,418164.0,398525.0,379689.0,14524.0,107825.0,28403.0,6998.0,5384.0,494399.0,401828.0,11377.0,419768.0,400641.0,383007.0,14524.0,109864.0,30829.0,6833.0,4998.0,496839.0,401158.0,12828.0,421282.0,400743.0,379930.0,111937.0,32043.0,7053.0,5487.0,503177.0,403145.0,13144.0,423707.0,403012.0,379790.0,113053.0,33031.0,7183.0,5708.0,505656.0,404437.0,12180.0,423266.0,403728.0,378292.0,115238.0,35272.0,7103.0,6622.0,508564.0,404207.0,11841.0,423354.0,404373.0,374754.0,North Dakota,ND,2,4,176199.322355,4386.056165,53,388
39,230417.0,29068800.0,12349740.0,1278614.0,553958.0,124512.0,82753.0,7816036.0,5365496.0,477184.0,5850980.0,5262154.0,5076341.0,46410.0,1310827.0,571249.0,126124.0,84458.0,7846581.0,5424514.0,423868.0,5856499.0,5319698.0,5122399.0,46410.0,1340989.0,590985.0,129078.0,87319.0,7886636.0,5487009.0,378645.0,5873994.0,5381385.0,5173568.0,46410.0,1370606.0,613068.0,133082.0,88562.0,7935654.0,5548504.0,343146.0,5900148.0,5441738.0,5221494.0,46410.0,1401397.0,628849.0,135452.0,89370.0,7974286.0,5594287.0,314415.0,5917241.0,5487637.0,5255906.0,46410.0,1437951.0,646121.0,140123.0,91061.0,8013471.0,5602572.0,313787.0,5926080.0,5495493.0,5162614.0,1483021.0,674554.0,145311.0,95443.0,8077453.0,5656463.0,314406.0,5981645.0,5548580.0,5099813.0,1515763.0,696826.0,148249.0,98487.0,8097704.0,5686919.0,300192.0,5998649.0,5579288.0,5031783.0,1545678.0,714000.0,150960.0,103491.0,8123344.0,5694732.0,290011.0,5996927.0,5591912.0,4951268.0,Ohio,OH,2,3,105753.506865,1307.932343,88,1233
40,133751.0,13773860.0,6344462.0,405437.0,143224.0,33669.0,23951.0,2512619.0,1719697.0,115978.0,1854225.0,1706013.0,1646393.0,25920.0,413867.0,147983.0,34195.0,24120.0,2534530.0,1733155.0,110120.0,1861396.0,1720736.0,1657975.0,25920.0,422927.0,152002.0,34617.0,24864.0,2553765.0,1746551.0,105375.0,1869182.0,1733171.0,1666842.0,25920.0,428855.0,157912.0,36285.0,25049.0,2574300.0,1761490.0,99087.0,1878468.0,1748506.0,1678256.0,25920.0,436623.0,161174.0,37944.0,25796.0,2592462.0,1772318.0,94834.0,1886123.0,1760690.0,1687601.0,25920.0,448404.0,168328.0,39524.0,26694.0,2612046.0,1779364.0,95441.0,1894080.0,1766430.0,1674236.0,457256.0,173720.0,40739.0,28424.0,2607717.0,1786724.0,94856.0,1902579.0,1775824.0,1662984.0,465736.0,177413.0,42154.0,29429.0,2621245.0,1800148.0,92216.0,1915088.0,1790747.0,1658006.0,478234.0,181189.0,43073.0,31292.0,2641296.0,1808391.0,93199.0,1925076.0,1800544.0,1648336.0,Oklahoma,OK,3,7,176017.940336,3153.554959,77,664
41,80760.0,11412180.0,4762403.0,522625.0,218855.0,54779.0,38794.0,2715140.0,1789856.0,184092.0,1976439.0,1751137.0,1641154.0,17088.0,538975.0,228437.0,57683.0,41280.0,2755985.0,1832681.0,160865.0,1996066.0,1792190.0,1678081.0,17088.0,561480.0,238028.0,59682.0,43741.0,2798118.0,1886065.0,138166.0,2026856.0,1845309.0,1722994.0,17088.0,583112.0,247486.0,62013.0,45174.0,2850788.0,1934677.0,123502.0,2061086.0,1895427.0,1765660.0,17088.0,603332.0,259271.0,64155.0,49117.0,2899099.0,1979084.0,114576.0,2096750.0,1940994.0,1804905.0,17088.0,627352.0,266898.0,67464.0,51282.0,2944918.0,2014538.0,116312.0,2134501.0,1976305.0,1790317.0,644790.0,275482.0,68619.0,52146.0,2971483.0,2026146.0,120605.0,2150872.0,1988107.0,1739400.0,654164.0,282982.0,72199.0,54745.0,2999115.0,2045509.0,119755.0,2169315.0,2007282.0,1707144.0,674889.0,289506.0,72598.0,57269.0,3021064.0,2051379.0,116427.0,2172107.0,2012053.0,1669032.0,Oregon,OR,4,9,172202.862126,2516.9224560000002,36,428
42,493011.0,55009590.0,33279162.0,1535046.0,702153.0,165529.0,119001.0,8812068.0,6000563.0,514902.0,6520342.0,5878683.0,5644542.0,74760.0,1577895.0,725777.0,168189.0,123763.0,8847895.0,6042326.0,468377.0,6515485.0,5920970.0,5673259.0,74760.0,1621513.0,752353.0,171715.0,127212.0,8884038.0,6095675.0,421975.0,6522323.0,5975312.0,5713880.0,74760.0,1661598.0,774362.0,177865.0,131150.0,8919514.0,6150822.0,379709.0,6535614.0,6030856.0,5750528.0,74760.0,1701207.0,794685.0,183568.0,134464.0,8952197.0,6198149.0,347334.0,6552038.0,6079786.0,5782188.0,74760.0,1754098.0,821459.0,189443.0,141105.0,8987862.0,6205618.0,351208.0,6564865.0,6084741.0,5651107.0,1813647.0,859980.0,196159.0,147464.0,9111497.0,6295594.0,367296.0,6671309.0,6173679.0,5571052.0,1844355.0,884422.0,199768.0,152773.0,9128083.0,6322011.0,358729.0,6689654.0,6200303.0,5466237.0,1883145.0,912477.0,201720.0,159976.0,9153146.0,6315752.0,349819.0,6674961.0,6195018.0,5341881.0,Pennsylvania,PA,1,2,115833.553765,1500.275722,67,1833
44,11988.0,3183300.0,3552745.0,137505.0,65026.0,15246.0,12040.0,720641.0,518170.0,48418.0,569623.0,507116.0,489512.0,3388.0,140296.0,66860.0,15365.0,12707.0,724708.0,520482.0,43600.0,567285.0,509454.0,490843.0,3388.0,144515.0,67318.0,15471.0,13092.0,729261.0,526071.0,38634.0,568020.0,513888.0,494031.0,3388.0,145595.0,69830.0,15651.0,12888.0,733188.0,527972.0,34479.0,565997.0,515872.0,495442.0,3388.0,150150.0,72817.0,16444.0,12707.0,737200.0,533878.0,30455.0,567926.0,522393.0,501197.0,3388.0,155981.0,73251.0,17637.0,12775.0,741370.0,535140.0,31263.0,570567.0,524196.0,495214.0,160523.0,77992.0,18212.0,14042.0,766635.0,552707.0,35428.0,592466.0,541019.0,497579.0,165487.0,80811.0,19272.0,14255.0,771312.0,554054.0,34616.0,592606.0,542687.0,490538.0,172759.0,82416.0,19212.0,15280.0,776525.0,555915.0,33634.0,593598.0,543710.0,481508.0,Rhode Island,RI,1,1,2677.0991989999998,332.180441,5,81
45,58093.0,8826460.0,3754744.0,530245.0,221370.0,45067.0,32703.0,3209575.0,2074780.0,217897.0,2323332.0,2062200.0,1989069.0,18900.0,551860.0,231892.0,46650.0,34497.0,3268978.0,2128824.0,194403.0,2353822.0,2115818.0,2039629.0,18900.0,570971.0,241518.0,48951.0,36435.0,3325238.0,2180526.0,170218.0,2381341.0,2167522.0,2085000.0,18900.0,588860.0,250766.0,51034.0,36963.0,3384681.0,2226720.0,153218.0,2411372.0,2214465.0,2122576.0,18900.0,614057.0,263769.0,52905.0,38330.0,3446645.0,2275309.0,139521.0,2447627.0,2264101.0,2163066.0,18900.0,638304.0,278429.0,58867.0,42442.0,3512302.0,2312619.0,135479.0,2483885.0,2303989.0,2174086.0,653988.0,288540.0,60868.0,43028.0,3507171.0,2313378.0,130624.0,2479690.0,2304699.0,2139404.0,674340.0,305597.0,62767.0,46066.0,3553321.0,2351749.0,128211.0,2517626.0,2344150.0,2144553.0,701835.0,321227.0,65889.0,47257.0,3610374.0,2388777.0,124521.0,2552710.0,2381241.0,2143817.0,South Carolina,SC,3,5,76979.082807,2828.999095,46,424
46,17928.0,4996340.0,719805.0,104695.0,30885.0,7090.0,6125.0,550981.0,430904.0,20194.0,454015.0,425755.0,402014.0,17097.0,107744.0,31033.0,7559.0,6419.0,556555.0,434760.0,18603.0,455970.0,429127.0,405377.0,17097.0,109421.0,32263.0,8178.0,6192.0,560534.0,438362.0,17014.0,458042.0,432282.0,408166.0,17097.0,112420.0,34182.0,8792.0,6074.0,567092.0,442891.0,16246.0,461862.0,436658.0,411544.0,17097.0,113899.0,35837.0,9129.0,6218.0,572423.0,444102.0,15727.0,462492.0,438516.0,412635.0,17097.0,116381.0,37243.0,9800.0,6518.0,580108.0,447673.0,16267.0,466625.0,441439.0,411567.0,119214.0,38024.0,10145.0,6511.0,579700.0,448196.0,14847.0,466018.0,442694.0,408465.0,123235.0,38642.0,10091.0,6805.0,588309.0,453184.0,14558.0,471377.0,448811.0,410506.0,128217.0,39100.0,10522.0,7505.0,595544.0,457154.0,14160.0,475080.0,452950.0,410906.0,South Dakota,SD,2,4,197360.30881,3380.0525430000002,66,376
47,138415.0,14568350.0,6184413.0,697131.0,274717.0,69546.0,51579.0,4384781.0,2889814.0,266583.0,3179720.0,2850481.0,2747530.0,29401.0,713442.0,286175.0,71688.0,51870.0,4431988.0,2938297.0,238632.0,3200928.0,2900043.0,2787665.0,29401.0,739237.0,301209.0,73203.0,53863.0,4482754.0,2997791.0,211029.0,3233110.0,2959224.0,2837223.0,29401.0,763000.0,312038.0,76865.0,55033.0,4535014.0,3049073.0,191864.0,3265441.0,3010937.0,2880208.0,29401.0,790124.0,327559.0,79369.0,57955.0,4591802.0,3111144.0,173014.0,3309539.0,3074587.0,2929316.0,29401.0,827745.0,339191.0,83857.0,59153.0,4654353.0,3148566.0,177664.0,3352340.0,3111523.0,2917097.0,859895.0,356237.0,87302.0,64554.0,4712523.0,3202466.0,179769.0,3407370.0,3163825.0,2910300.0,890115.0,368496.0,89488.0,66397.0,4762784.0,3259170.0,173064.0,3457233.0,3219998.0,2908465.0,914203.0,386132.0,90905.0,70024.0,4809722.0,3302200.0,164255.0,3492123.0,3262362.0,2891874.0,Tennessee,TN,3,6,105990.606915,2278.515827,95,638
48,304376.0,39683680.0,22522072.0,3054183.0,1134512.0,256340.0,177918.0,16763994.0,12093439.0,912040.0,13100836.0,11965118.0,11473816.0,92352.0,3158260.0,1193206.0,264493.0,184440.0,17083941.0,12370521.0,848115.0,13311264.0,12236587.0,11715709.0,92352.0,3288603.0,1255569.0,274956.0,191030.0,17453288.0,12688293.0,784855.0,13564082.0,12549577.0,11987489.0,92352.0,3409674.0,1320908.0,287320.0,201277.0,17814197.0,12984794.0,742979.0,13817328.0,12841865.0,12237924.0,92352.0,3534457.0,1380101.0,297980.0,207807.0,18130276.0,13252752.0,708812.0,14054810.0,13114507.0,12453392.0,92352.0,3670766.0,1454653.0,317940.0,218401.0,18448551.0,13460259.0,752881.0,14307796.0,13306373.0,12370405.0,3791499.0,1522566.0,327540.0,229386.0,18619007.0,13618303.0,771585.0,14492488.0,13464155.0,12233362.0,3918799.0,1598626.0,341504.0,242618.0,18910462.0,13907773.0,766002.0,14783952.0,13754997.0,12242511.0,4078692.0,1691986.0,354163.0,256865.0,19294101.0,14140342.0,765908.0,15024609.0,13992188.0,12195788.0,Texas,TX,3,7,584252.240175,11019.579387,254,1989
49,62660.0,6830420.0,4225189.0,347426.0,122885.0,27660.0,23013.0,1674457.0,1337716.0,81849.0,1423749.0,1320002.0,1252283.0,14071.0,358841.0,128862.0,29061.0,23896.0,1707303.0,1374176.0,73060.0,1451315.0,1355396.0,1282662.0,14071.0,375239.0,136883.0,30274.0,24692.0,1743271.0,1412261.0,64238.0,1480628.0,1393326.0,1312881.0,14071.0,391050.0,144140.0,32046.0,25189.0,1782002.0,1451932.0,58875.0,1514747.0,1433317.0,1344989.0,14071.0,410346.0,150313.0,33033.0,26161.0,1822710.0,1496027.0,55474.0,1555823.0,1478139.0,1381061.0,14071.0,429006.0,155981.0,34045.0,27675.0,1865025.0,1534772.0,57359.0,1597138.0,1514220.0,1376488.0,450957.0,166523.0,35655.0,27835.0,1922257.0,1590306.0,57973.0,1653780.0,1569247.0,1384047.0,468562.0,173608.0,36595.0,29475.0,1960346.0,1639539.0,56635.0,1702311.0,1617329.0,1389772.0,486319.0,184714.0,37789.0,30838.0,2003640.0,1673780.0,58939.0,1739692.0,1651100.0,1387146.0,Utah,UT,4,8,103859.866623,1236.268173,29,299
50,17545.0,4370240.0,553549.0,94694.0,44181.0,10316.0,7793.0,436596.0,326694.0,18955.0,346122.0,318397.0,297112.0,12650.0,94813.0,44714.0,10893.0,7762.0,437236.0,327189.0,17085.0,344680.0,319436.0,297895.0,12650.0,95581.0,46236.0,11253.0,8031.0,437815.0,327216.0,14967.0,342595.0,319464.0,297780.0,12650.0,97023.0,47472.0,11282.0,8279.0,439600.0,328691.0,13875.0,343114.0,321573.0,299317.0,12650.0,99009.0,48722.0,11476.0,8225.0,440368.0,328980.0,12323.0,341884.0,322141.0,300237.0,12650.0,103937.0,50935.0,11665.0,8754.0,441991.0,328593.0,12845.0,342191.0,322067.0,292942.0,110000.0,54302.0,11805.0,9583.0,454463.0,335239.0,13668.0,349819.0,328766.0,291169.0,111614.0,57539.0,12438.0,9939.0,459033.0,337211.0,13466.0,351783.0,330614.0,286834.0,114217.0,60466.0,12578.0,10108.0,462996.0,337258.0,12815.0,351168.0,330599.0,280894.0,Vermont,VT,1,1,23872.594714,1030.642813,14,265
51,163869.0,22713350.0,16948924.0,1167302.0,624708.0,135221.0,94853.0,5565544.0,3989570.0,275621.0,4375177.0,4019547.0,3835040.0,45033.0,1191462.0,646698.0,137063.0,98277.0,5620107.0,4035220.0,254894.0,4401442.0,4067771.0,3877453.0,45033.0,1220865.0,670267.0,139895.0,102313.0,5679925.0,4082839.0,236274.0,4429930.0,4114702.0,3917280.0,45033.0,1244378.0,692558.0,144083.0,105626.0,5729429.0,4117348.0,217425.0,4449286.0,4151145.0,3943501.0,45033.0,1272432.0,711701.0,147459.0,108408.0,5775773.0,4154775.0,200625.0,4475785.0,4196394.0,3975376.0,45033.0,1303914.0,738002.0,149599.0,112632.0,5831006.0,4178452.0,202519.0,4507173.0,4223666.0,3882631.0,1338872.0,762499.0,155464.0,115612.0,5882803.0,4219913.0,202807.0,4552767.0,4268202.0,3780969.0,1366210.0,780617.0,158783.0,119285.0,5919399.0,4245695.0,197001.0,4570953.0,4290711.0,3691572.0,1390159.0,798448.0,160606.0,122474.0,5959081.0,4258796.0,191415.0,4580962.0,4308429.0,3608470.0,Virginia,VA,3,5,102020.07662,3472.286456,117,903
53,197349.0,19011210.0,13278705.0,985182.0,401076.0,96683.0,67085.0,4712868.0,3253749.0,277374.0,3579688.0,3230182.0,3052648.0,31535.0,1020505.0,418534.0,100113.0,70762.0,4795667.0,3324994.0,244278.0,3616523.0,3299260.0,3115293.0,31535.0,1062449.0,443833.0,104730.0,73630.0,4886914.0,3411250.0,218509.0,3678613.0,3384116.0,3191030.0,31535.0,1102423.0,470725.0,109107.0,77938.0,4992423.0,3506346.0,198040.0,3753212.0,3477926.0,3271112.0,31535.0,1142399.0,496950.0,113413.0,81680.0,5091487.0,3586225.0,186945.0,3826001.0,3560164.0,3341556.0,31535.0,1182044.0,520951.0,118612.0,82863.0,5189444.0,3651818.0,188062.0,3896241.0,3621021.0,3295058.0,1217575.0,544335.0,120131.0,85980.0,5278662.0,3701659.0,198252.0,3958568.0,3670755.0,3207428.0,1244437.0,569710.0,123225.0,92087.0,5347296.0,3752061.0,196989.0,4010764.0,3722701.0,3147517.0,1279696.0,594492.0,126500.0,96470.0,5409133.0,3781325.0,198341.0,4043067.0,3750825.0,3086595.0,Washington,WA,4,9,156577.499612,5143.12562,39,605
54,61113.0,9055460.0,1685664.0,152296.0,69144.0,16667.0,10459.0,1297745.0,751072.0,63320.0,815204.0,734829.0,713239.0,38070.0,153797.0,72375.0,16691.0,10780.0,1296751.0,750230.0,61194.0,812277.0,734469.0,711602.0,38070.0,155346.0,74546.0,16296.0,11105.0,1293176.0,746715.0,57637.0,805462.0,732172.0,708556.0,38070.0,157956.0,75661.0,16213.0,11778.0,1291559.0,742341.0,53740.0,797139.0,727526.0,703320.0,38070.0,159094.0,77898.0,16224.0,12025.0,1286990.0,740694.0,51910.0,793910.0,726307.0,699934.0,38070.0,163504.0,80539.0,16386.0,12839.0,1283378.0,744057.0,52019.0,797981.0,730189.0,696844.0,165934.0,81537.0,17591.0,13169.0,1277632.0,735956.0,50277.0,788301.0,722337.0,681432.0,171708.0,84476.0,18437.0,14085.0,1271272.0,736102.0,47503.0,786002.0,723116.0,673473.0,175843.0,86870.0,18407.0,14364.0,1268976.0,740485.0,45018.0,788033.0,728403.0,670333.0,West Virginia,WV,3,5,62246.135089999996,488.918898,55,738
55,155284.0,17083300.0,6797560.0,713846.0,261565.0,60886.0,41380.0,3872836.0,2883251.0,193759.0,3079509.0,2835414.0,2719620.0,42295.0,729488.0,269368.0,62625.0,42583.0,3890911.0,2910140.0,169426.0,3081987.0,2862707.0,2743320.0,42295.0,748406.0,278122.0,64212.0,43737.0,3907502.0,2939651.0,145272.0,3087491.0,2893093.0,2767009.0,42295.0,762166.0,285854.0,66358.0,46071.0,3930449.0,2964182.0,124792.0,3091972.0,2920045.0,2788561.0,42295.0,780759.0,294263.0,68736.0,47496.0,3955275.0,2982049.0,111564.0,3096803.0,2938815.0,2800752.0,42295.0,806467.0,301324.0,69307.0,49385.0,3981774.0,2983060.0,109833.0,3096280.0,2937803.0,2747616.0,833673.0,312040.0,70286.0,52306.0,4027701.0,3014612.0,109017.0,3127362.0,2969464.0,2717256.0,852636.0,319422.0,70555.0,53667.0,4047848.0,3020890.0,105086.0,3129606.0,2974249.0,2673840.0,879911.0,328128.0,69811.0,55286.0,4069600.0,3018918.0,102659.0,3125057.0,2971525.0,2625866.0,Wisconsin,WI,2,3,139370.275032,4545.320188,72,783
56,0.0,2732710.0,14482.0,65209.0,23359.0,4908.0,4551.0,381557.0,292361.0,14760.0,309524.0,288219.0,275510.0,9744.0,66141.0,23753.0,5179.0,4791.0,383995.0,291686.0,14889.0,308952.0,287738.0,274004.0,9744.0,67067.0,25892.0,5397.0,4668.0,385631.0,291772.0,14232.0,308653.0,287821.0,274451.0,9744.0,66839.0,26853.0,5472.0,4506.0,386074.0,288991.0,13536.0,305342.0,285258.0,270468.0,9744.0,67308.0,28265.0,5724.0,4464.0,387200.0,286539.0,13337.0,302822.0,282721.0,267495.0,9744.0,68572.0,30513.0,5856.0,4679.0,389611.0,285451.0,13166.0,301970.0,282782.0,265453.0,68965.0,30802.0,5913.0,4469.0,387088.0,283068.0,12426.0,298924.0,279981.0,260990.0,70605.0,30879.0,6006.0,5048.0,388571.0,286036.0,11443.0,300958.0,282751.0,261071.0,73730.0,32075.0,6481.0,5033.0,392388.0,284184.0,11117.0,298728.0,281077.0,257162.0,Wyoming,WY,4,8,165841.263893,1551.905227,23,176
60,0.0,0.0,0.0,0.0,0.0,0.0,0.0,0.0,0.0,0.0,0.0,0.0,0.0,0.0,0.0,0.0,0.0,0.0,0.0,0.0,0.0,0.0,0.0,0.0,0.0,0.0,0.0,0.0,0.0,0.0,0.0,0.0,0.0,0.0,0.0,0.0,0.0,0.0,0.0,0.0,0.0,0.0,0.0,0.0,0.0,0.0,0.0,0.0,0.0,0.0,0.0,0.0,0.0,0.0,0.0,0.0,0.0,0.0,0.0,0.0,0.0,0.0,0.0,0.0,0.0,0.0,0.0,0.0,0.0,0.0,0.0,0.0,0.0,0.0,0.0,0.0,0.0,0.0,0.0,0.0,0.0,0.0,0.0,0.0,0.0,0.0,0.0,0.0,0.0,0.0,0.0,0.0,0.0,0.0,0.0,0.0,0.0,0.0,American Samoa,AS,9,0,197.654131,6.550891,1,1
66,0.0,0.0,0.0,0.0,0.0,0.0,0.0,0.0,0.0,0.0,0.0,0.0,0.0,0.0,0.0,0.0,0.0,0.0,0.0,0.0,0.0,0.0,0.0,0.0,0.0,0.0,0.0,0.0,0.0,0.0,0.0,0.0,0.0,0.0,0.0,0.0,0.0,0.0,0.0,0.0,0.0,0.0,0.0,0.0,0.0,0.0,0.0,0.0,0.0,0.0,0.0,0.0,0.0,0.0,0.0,0.0,0.0,0.0,0.0,0.0,0.0,0.0,0.0,0.0,0.0,0.0,0.0,0.0,0.0,0.0,0.0,0.0,0.0,0.0,0.0,0.0,0.0,0.0,0.0,0.0,0.0,0.0,0.0,0.0,0.0,0.0,0.0,0.0,0.0,0.0,0.0,0.0,0.0,0.0,0.0,0.0,0.0,0.0,Guam,GU,9,0,542.825244,16.703565,1,7
69,0.0,0.0,0.0,0.0,0.0,0.0,0.0,0.0,0.0,0.0,0.0,0.0,0.0,0.0,0.0,0.0,0.0,0.0,0.0,0.0,0.0,0.0,0.0,0.0,0.0,0.0,0.0,0.0,0.0,0.0,0.0,0.0,0.0,0.0,0.0,0.0,0.0,0.0,0.0,0.0,0.0,0.0,0.0,0.0,0.0,0.0,0.0,0.0,0.0,0.0,0.0,0.0,0.0,0.0,0.0,0.0,0.0,0.0,0.0,0.0,0.0,0.0,0.0,0.0,0.0,0.0,0.0,0.0,0.0,0.0,0.0,0.0,0.0,0.0,0.0,0.0,0.0,0.0,0.0,0.0,0.0,0.0,0.0,0.0,0.0,0.0,0.0,0.0,0.0,0.0,0.0,0.0,0.0,0.0,0.0,0.0,0.0,0.0,Commonwealth of the Northern Mariana Islands,MP,9,0,305.212273,0.933721,3,3
72,57344.0,4421140.0,5897183.0,420457.0,110651.0,29757.0,22318.0,2412632.0,1062712.0,235702.0,1299675.0,1026245.0,1004241.0,9360.0,424808.0,113140.0,28996.0,23530.0,2402758.0,1054462.0,226847.0,1282511.0,1020836.0,998951.0,9360.0,426062.0,115532.0,29195.0,24629.0,2388682.0,1039541.0,220567.0,1261567.0,1009046.0,987004.0,9360.0,428051.0,116981.0,28848.0,25068.0,2362285.0,1027891.0,209928.0,1239378.0,1000708.0,978720.0,9360.0,432908.0,119342.0,27981.0,26261.0,2344015.0,1027879.0,196926.0,1226629.0,1003013.0,979579.0,9360.0,443347.0,122632.0,28253.0,27145.0,2329328.0,1025823.0,182153.0,1210339.0,999528.0,968835.0,469856.0,129632.0,29645.0,28977.0,2399112.0,1055843.0,180168.0,1238879.0,1028175.0,985228.0,482139.0,134673.0,30748.0,30891.0,2400393.0,1081330.0,165697.0,1250216.0,1051707.0,1000735.0,499924.0,139661.0,30580.0,32488.0,2412064.0,1113397.0,153090.0,1269847.0,1083183.0,1024843.0,Puerto Rico,PR,9,0,8833.968895,623.282865,78,132
78,0.0,0.0,49197.0,0.0,0.0,0.0,0.0,0.0,0.0,0.0,0.0,0.0,0.0,0.0,0.0,0.0,0.0,0.0,0.0,0.0,0.0,0.0,0.0,0.0,0.0,0.0,0.0,0.0,0.0,0.0,0.0,0.0,0.0,0.0,0.0,0.0,0.0,0.0,0.0,0.0,0.0,0.0,0.0,0.0,0.0,0.0,0.0,0.0,0.0,0.0,0.0,0.0,0.0,0.0,0.0,0.0,0.0,0.0,0.0,0.0,0.0,0.0,0.0,0.0,0.0,0.0,0.0,0.0,0.0,0.0,0.0,0.0,0.0,0.0,0.0,0.0,0.0,0.0,0.0,0.0,0.0,0.0,0.0,0.0,0.0,0.0,0.0,0.0,0.0,0.0,0.0,0.0,0.0,0.0,0.0,0.0,0.0,0.0,United States Virgin Islands,VI,9,0,342.626317,71.746096,3,6
