state_fips,csa_code,cbsa_code,urban_area_code,total_population_2015,median_age_2015,median_household_income_2015,per_capita_income_2015,below_poverty_line_2015,aggregate_income_2015,gini_index_2015,state_2015,total_population_2016,median_age_2016,median_household_income_2016,per_capita_income_2016,below_poverty_line_2016,aggregate_income_2016,gini_index_2016,state_2016,total_population_2017,median_age_2017,median_household_income_2017,per_capita_income_2017,below_poverty_line_2017,aggregate_income_2017,gini_index_2017,state_2017,total_population_2018,median_age_2018,median_household_income_2018,per_capita_income_2018,below_poverty_line_2018,aggregate_income_2018,gini_index_2018,state_2018,total_population_2019,median_age_2019,median_household_income_2019,per_capita_income_2019,below_poverty_line_2019,aggregate_income_2019,gini_index_2019,state_2019,total_population_2020,median_age_2020,median_household_income_2020,per_capita_income_2020,below_poverty_line_2020,aggregate_income_2020,gini_index_2020,total_population_2021,median_age_2021,median_household_income_2021,per_capita_income_2021,below_poverty_line_2021,aggregate_income_2021,gini_index_2021,total_population_2022,median_age_2022,median_household_income_2022,per_capita_income_2022,below_poverty_line_2022,aggregate_income_2022,gini_index_2022,total_population_2023,median_age_2023,median_household_income_2023,per_capita_income_2023,below_poverty_line_2023,aggregate_income_2023,gini_index_2023,state_name,state_abbr,census_region,census_division,land_area_sq_km,water_area_sq_km,county_count,zcta5_count
1,106836.0,12639510.0,4649205.0,4830234.0,-3999973985.9,-13308688782.0,-1986415197.0,887171.0,105815253306.0,-10666666383.6605,637.0,4840916.0,-4666640533.6,-25974602131.0,-2652707502.0,868579.0,107520345974.0,-10666666383.3004,637.0,4850521.0,-5999973825.8,-27973939076.0,-3318630227.0,849614.0,111687588408.0,-11999999715.2835,637.0,4864429.0,-6666640441.7,-29973187561.0,-2651361200.0,829321.0,117726721374.0,-12666666379.9179,637.0,4876017.0,-7999973688.2,-30638768658.0,-1984087354.0,795913.0,123774885540.0,-13999999712.2216,637.0,4892770.0,-7999973529.2,-33304341648.0,-1316690153.0,762554.0,130537269772.0,-12666666382.383501,4997651.0,-17333306939.4,-49303082074.0,-11982709023.0,769819.0,126223992452.0,-26666666369.1404,5027977.0,-17999973579.6,-49966955720.0,-12647966789.0,768897.0,140394604720.0,-26666666369.2383,5054137.0,-17999973476.4,-47298817080.0,-13980685228.0,768185.0,147088071656.0,-27333333039.8785,Alabama,AL,3,6,130158.267592,2767.857576,67,656
2,0.0,607340.0,203927.0,732255.0,-3333325252.8,-7321847828.0,-2660916689.0,72819.0,17847006538.0,-4666666571.7789,474.0,735799.0,-4666658608.099999,-11988459072.0,-2660923299.0,72772.0,18392069738.0,-6666666570.3844,474.0,737361.0,-4666658616.4,-14655150887.0,-1994151239.0,73322.0,19845000804.0,-6666666569.8321,474.0,737030.0,-3999991868.7999997,-14654773584.0,-1993876488.0,77815.0,20450765804.0,-5999999902.7783,474.0,735425.0,-3999991869.7999997,-15321357869.0,-2660459411.0,76904.0,20306545338.0,-5999999902.4339,474.0,735205.0,-3333325026.4,-17321309644.0,-1993540202.0,74344.0,21207916104.0,-5333333237.3728,735549.0,-5333324656.1,-18653682469.0,-3326295701.0,75002.0,20902591306.0,-8666666565.7122,734264.0,-5333324680.0,-24653298184.0,-3325471440.0,75205.0,23233560406.0,-8666666565.1886,733346.0,-7999991272.9,-23319191155.0,-4658585840.0,72954.0,23448737674.0,-11999999897.5615,Alaska,AK,4,9,528457.601565,26107.37106,30,245
4,105841.0,14525240.0,10171390.0,6639412.0,-6666650242.7,-12648910836.0,-3990579528.0,1180156.0,158031712540.0,-9333333158.5759,1616.0,6726032.0,-6666650070.099999,-17314946416.0,-3990265644.0,1165108.0,165781347440.0,-9999999823.1736,1616.0,6807674.0,-6666649945.6,-16647513117.0,-5323130014.0,1127556.0,174331566342.0,-11333333155.0726,1616.0,6944587.0,-6666649812.2,-15980079291.0,-5989332273.0,1091709.0,185563351876.0,-11333333155.8314,1616.0,7048538.0,-6666649674.599999,-19312733931.0,-5988842532.0,1043315.0,198333418976.0,-9999999823.9518,1616.0,7172984.0,-6666649582.1,-18645357718.0,-4655102764.0,990629.0,215022589308.0,-10666666491.9106,7077967.0,-9333315853.4,-24643468999.0,-7320875057.0,934580.0,227997011446.0,-14666666485.6031,7171079.0,-8666649063.3,-25974953651.0,-7319667803.0,916674.0,257951724612.0,-13333333152.9178,7266592.0,-9333315529.2,-22640013880.0,-7318901317.0,906846.0,279873905878.0,-15333333150.2459,Arizona,AZ,4,8,233557.023622,771.302242,15,416
5,50684.0,9190580.0,2115481.0,2957784.0,-3333308490.2,-9979405238.0,-654841866.0,553640.0,61197258204.0,-7333333086.0022,2930.0,2968063.0,-5999975282.9,-33312097496.0,-1987880630.0,542427.0,61821904772.0,-9333333083.9948,2930.0,2977538.0,-7333308373.4,-36644943963.0,-1320769570.0,524218.0,65669757938.0,-10666666417.5296,2930.0,2990209.0,-5999974862.0,-38644297547.0,-1986713421.0,510289.0,68684891172.0,-9999999749.0414,2930.0,2999124.0,-5999974728.8,-45977421940.0,-2653107774.0,496135.0,71049054506.0,-11333333081.6892,2930.0,3011731.0,-6666641351.4,-45976337697.0,-2652540928.0,470148.0,75138311806.0,-9999999753.1826,3006613.0,-17333307349.7,-52640521999.0,-9984958002.0,468112.0,71613689280.0,-21999999739.9005,3018847.0,-15999973799.2,-61972396861.0,-9983326390.0,475696.0,79893736880.0,-19333333074.0773,3032833.0,-15333307203.1,-63971503768.0,-8649290164.0,471805.0,86136363612.0,-21333333071.9414,Arkansas,AR,3,7,132162.079404,3009.150628,75,614
6,486704.0,60695760.0,51359377.0,38413562.0,-23999930914.0,-46562185659.0,-13279443284.0,6135040.0,1094193012790.0,-35333332567.1028,10536.0,38645806.0,-23333263778.1,-85893083653.0,-13277426569.0,6004091.0,1143284483124.0,-36666665894.2892,10536.0,38974204.0,-24666596554.9,-85888057419.0,-12608144255.0,5773185.0,1215144859090.0,-39999999223.3026,10536.0,39140060.0,-23999929400.5,-86548169144.0,-12604477716.0,5486983.0,1291133798858.0,-37999999222.7014,10536.0,39275119.0,-23333262188.9,-89876095350.0,-14601203844.0,5149558.0,1366545603628.0,-39333332556.071,10536.0,39337550.0,-27999928935.1,-102537557213.0,-16598847001.0,4853253.0,1431092951298.0,-43999999224.3707,39454350.0,-38666594530.4,-132528765811.0,-28593734484.0,4741132.0,1522716850152.0,-67333332527.8051,39355165.0,-36666594356.2,-133182387712.0,-26585680352.0,4685130.0,1689835855684.0,-69333332522.5301,39241543.0,-39333260874.6,-139843369121.0,-27915468591.0,4610446.0,1785459396518.0,-68666665859.0704,California,CA,4,9,280642.702012,4231.986912,58,1803
8,55723.0,8618650.0,2887063.0,5275328.0,-11999978924.4,-15305965684.0,-7318387082.0,653485.0,157206650108.0,-12666666448.9965,4200.0,5356528.0,-11333312056.4,-29972160356.0,-5984795701.0,637465.0,167056429106.0,-13999999781.6113,4200.0,5433791.0,-10666645304.5,-30637479798.0,-5984117635.0,611869.0,177995746506.0,-11999999783.5378,4200.0,5528495.0,-11333311833.4,-30636265260.0,-6650097063.0,590299.0,188798596740.0,-11999999783.112,4200.0,5607800.0,-11333311931.6,-29301660501.0,-7982782489.0,565592.0,199659976642.0,-13999999783.1092,4200.0,5682504.0,-10666644981.3,-34634369939.0,-7315248504.0,544054.0,207663170508.0,-11333333120.998499,5722165.0,-14666644850.0,-41965678447.0,-10646964187.0,535961.0,226635936946.0,-18666666444.29,5769708.0,-14666644724.7,-43296485868.0,-10644770097.0,539958.0,254929098446.0,-17999999776.2621,5809540.0,-15333311379.7,-39960700603.0,-10643314290.0,533957.0,276816473412.0,-17999999773.0946,Colorado,CO,4,8,267337.42150399997,1201.639295,63,527
9,116784.0,9057100.0,6786951.0,3593216.0,-3333321575.0,-5311479738.0,-1988684154.0,366351.0,132573649736.0,-4666666546.9470005,2520.0,3588564.0,-3333321513.4,-9977734497.0,-1988359362.0,360464.0,136343718536.0,-3999999880.0381002,2520.0,3594472.0,-2666654627.5,-9977171427.0,-1321230968.0,350783.0,142997674168.0,-3999999879.7921996,2520.0,3581499.0,-1999987908.8,-8642871045.0,-1320657976.0,348449.0,148640895768.0,-3333333213.6942,2520.0,3575069.0,-1999987845.6,-7975013387.0,-1986877637.0,344146.0,152935726902.0,-2666666546.0179996,2520.0,3570544.0,-1999987855.8999999,-8641420603.0,-1986545287.0,339156.0,157783619402.0,-2666666546.9595,3605330.0,-3333320904.6,-11973276509.0,-652045022.0,351476.0,166593538502.0,-5333333209.1122,3611317.0,-2666654279.0,-11971424462.0,-1317431401.0,355692.0,181437403936.0,-4666666541.6529,3598348.0,-3333320936.0,-11970310277.0,-1983588747.0,351948.0,188850796170.0,-5333333206.7681,Connecticut,CT,1,1,12541.938758,504.647518,9,288
10,19688.0,2379880.0,1815785.0,926454.0,-1333330653.3999999,-4663000690.0,-664746247.0,108315.0,24598591736.0,-3999999971.3195,670.0,934695.0,-1333330658.6,-5996357570.0,1987101.0,109448.0,25991462202.0,-3333333304.7998,670.0,943732.0,-1999997362.7,-5329555187.0,2034528.0,111304.0,27646079002.0,-3999999970.7803,670.0,949495.0,-1333330587.6000001,-5329408399.0,-664510558.0,109798.0,28441507636.0,-3333333304.5456,670.0,957248.0,-1999997268.5,-5329261063.0,-664468936.0,109400.0,30062797836.0,-3999999970.5254,670.0,967679.0,-1999997227.0,-7329319738.0,-664370628.0,107641.0,31572331436.0,-3999999970.7011,982285.0,-1999997099.9,-5995520246.0,-1330682302.0,109289.0,34344933036.0,-3333333303.8043003,994084.0,-1999997072.6,-4661663709.0,-1330448547.0,107827.0,38039541036.0,-3333333303.9583,1006247.0,-2666663796.0,-4661347005.0,-1997003901.0,105286.0,40075824370.0,-3999999970.441,Delaware,DE,3,5,5058.493859,244.469435,3,68
11,31236.0,2730300.0,5257794.0,647185.0,-10666665686.4,-14664835662.0,-10665344744.0,110365.0,14748400648.0,-14666666640.8507,495.0,658792.0,-10666665686.6,-14664787273.0,-10665321500.0,112060.0,15923065948.0,-14666666640.7724,495.0,672223.0,-10666665683.3,-14664694066.0,-10665280844.0,111025.0,17604549048.0,-14666666640.768301,495.0,684390.0,-10666665684.0,-14664599761.0,-10665244577.0,109497.0,19569680748.0,-14666666640.8059,495.0,692617.0,-10666665679.7,-14664505337.0,-10665152730.0,107140.0,21703493048.0,-14666666640.7958,495.0,701933.0,-10666665675.4,-15331153311.0,-10665068395.0,103391.0,23847462548.0,-14666666640.8769,683154.0,-17999998983.7,-22664370341.0,-17998239543.0,100618.0,20258187256.0,-22666666633.1477,670587.0,-17999998973.7,-23330887769.0,-17998033337.0,98039.0,25458468922.0,-23333333299.3113,672079.0,-17999998969.6,-23330768542.0,-17997937781.0,94140.0,28676441222.0,-23333333299.242,District of Columbia,DC,3,5,158.316181,18.709785,1,57
12,240687.0,32516300.0,32727371.0,19645049.0,-6666624191.5,-15286386541.0,-3306908841.0,3180109.0,487557208042.0,-12666666228.186,11772.0,19933003.0,-5333290526.2,-23285284628.0,-3306129487.0,3139258.0,508353277042.0,-11333332895.0559,11772.0,20276655.0,-5999957083.0,-21283252949.0,-3971584367.0,3070972.0,540186572108.0,-11999999561.5119,11772.0,20596209.0,-5999956935.7,-25947822523.0,-4636415595.0,2983851.0,575478000242.0,-11333332894.4559,11772.0,20899368.0,-6666623493.6,-23278267366.0,-4635164680.0,2870487.0,612350931942.0,-13333332894.055399,11772.0,21214280.0,-7333289993.2,-23942945031.0,-5967867505.0,2772939.0,649017056810.0,-12666666227.297699,21339762.0,-17999955863.3,-42605509105.0,-14631622471.0,2744612.0,698008001922.0,-26666666210.950798,21634506.0,-18666622396.6,-41266062593.0,-13961255228.0,2725633.0,788193695822.0,-27999999541.8454,21928794.0,-17999955474.9,-43262601220.0,-12625614169.0,2707698.0,853258178720.0,-25999999543.4662,Florida,FL,3,5,124681.386424,10904.71147,67,1013
13,83536.0,12360000.0,4160461.0,10005954.0,-4666638423.2,-15302021203.0,-4650654684.0,1788937.0,233966406946.0,-13999999676.2414,9490.0,10098524.0,-5999971615.4,-23301385306.0,-4650131386.0,1746888.0,245256466346.0,-15999999673.6262,9490.0,10200960.0,-3999971173.7000003,-23966857718.0,-3982654871.0,1679021.0,261839226912.0,-14666666341.1537,9490.0,10296845.0,-4666637841.4,-25298723629.0,-3981812836.0,1607705.0,278113393180.0,-16666666339.4734,9490.0,10403039.0,-4666637739.900001,-25297052842.0,-3314134309.0,1528375.0,296393029580.0,-14666666343.1678,9490.0,10515493.0,-6666637769.8,-29962387911.0,-3980052494.0,1461454.0,314826978080.0,-13999999678.7287,10625639.0,-17333304071.7,-44626603820.0,-13311966616.0,1441351.0,329210388658.0,-27999999661.9827,10722352.0,-15333303782.2,-44622889989.0,-11309840227.0,1415573.0,370718989588.0,-26666666331.4534,10822612.0,-14666636873.2,-41287238770.0,-10642146013.0,1423159.0,393949581688.0,-27333332998.256,Georgia,GA,3,5,144389.621531,2928.608057,159,751
15,0.0,3363540.0,1212428.0,1406257.0,-666662910.5999999,-5327992921.0,-664154076.0,153944.0,35346197104.0,-3999999959.4705,1410.0,1413628.0,-666662869.3,-4661145210.0,-664059427.0,148577.0,37210361304.0,-3999999958.888,1410.0,1421606.0,-1333329536.8999999,-5994326999.0,-663949991.0,143148.0,39525894704.0,-4666666624.7779,1410.0,1422019.0,-666662792.4,-7327504930.0,-663782037.0,137506.0,41570678304.0,-3999999958.7448,1410.0,1422086.0,-666662777.6999999,-6660541042.0,-663663703.0,130641.0,43678975404.0,-3999999958.3154,1410.0,1420074.0,-1333329502.8,-5993567098.0,-1330254624.0,127971.0,46231551004.0,-3999999959.2414,1453498.0,-2666662787.7,-8659939547.0,-1996777699.0,133740.0,48202407506.0,-6666666623.1859,1450589.0,-2666662782.1,-8659277397.0,-1996451834.0,135941.0,54131846972.0,-6666666623.0078,1445635.0,-3333329559.1,-11325988191.0,-1996327758.0,140461.0,57306682472.0,-7999999955.1326,Hawaii,HI,4,9,12175.636063,1193.860968,5,97
16,30666.0,5170200.0,774769.0,1619839.0,-2666655054.5,-7988314110.0,-1993716147.0,245436.0,33470384870.0,-3999999889.2647,4528.0,1639298.0,-3333321686.5,-15321502324.0,-1993497810.0,244864.0,35225252470.0,-4666666555.1308,4528.0,1661013.0,-4666655054.4,-16654261772.0,-3326713023.0,236286.0,36459884538.0,-6666666553.6464,4528.0,1691584.0,-5333321842.9,-16653734081.0,-2659766932.0,229117.0,39781008704.0,-7999999884.8664,4528.0,1721685.0,-4666654942.0,-16653126774.0,-1326118996.0,221449.0,43943168336.0,-7333333220.2978,4528.0,1758423.0,-4666654837.4,-21319490877.0,-1325828507.0,205834.0,47705677436.0,-8666666554.539,1815456.0,-4666654659.099999,-20651477015.0,-1325289595.0,202722.0,52522554436.0,-7333333220.9888,1858203.0,-3999987835.3,-21983583583.0,-1324382364.0,198784.0,60835158402.0,-5999999889.3423,1897048.0,-3999987773.6,-19982343976.0,-1990356674.0,195981.0,65999376336.0,-3999999888.8979,Idaho,ID,4,8,158489.256675,2069.422853,44,281
17,278429.0,28096535.0,11325398.0,12873620.0,-3333276037.8999996,-9256382751.0,-627914157.0,1801058.0,378765746002.0,-6666666112.1156,23477.0,12851560.0,-3999942491.6,-23255284714.0,-1293667742.0,1753679.0,390444589836.0,-7333332775.6478,23477.0,12854305.0,-4666608958.8,-21252688275.0,-1292115296.0,1698587.0,408141659036.0,-7333332773.5324,23477.0,12821260.0,-3999942104.1,-23916432211.0,-623866129.0,1635575.0,427155010102.0,-6666666108.9352,23477.0,12770478.0,-3999941950.4,-29247298313.0,-1288982064.0,1557873.0,445066094936.0,-7333332773.2849,23477.0,12715981.0,-5999941851.2,-28577703000.0,-3287839116.0,1488641.0,459854151638.0,-7999999444.1033,12821782.0,-7333274665.7,-38572958110.0,-4618582658.0,1483378.0,488538759708.0,-11333332770.4433,12757583.0,-8666608097.0,-37898609964.0,-5947828451.0,1467888.0,532921282108.0,-11999999434.3984,12692601.0,-9333274599.2,-34561642412.0,-4612468061.0,1454210.0,557807151774.0,-13333332764.366,Illinois,IL,2,3,143717.633248,2194.471995,102,1396
18,162097.0,19087700.0,7145554.0,6568481.0,-3999969363.2,-12629398369.0,-3314950782.0,978023.0,155731022406.0,-9333333028.122,13932.0,6589354.0,-3999969324.3,-21961393174.0,-3314420170.0,957638.0,161097902706.0,-10666666361.0687,13932.0,6614268.0,-3999969076.5,-29293757983.0,-1980022967.0,933464.0,170877704838.0,-11333333026.0003,13932.0,6637220.0,-5333302396.9,-23291971757.0,-2645899123.0,908218.0,178300320772.0,-9999999692.9264,13932.0,6665472.0,-5333302323.0,-24623808561.0,-2645086489.0,867839.0,186828670906.0,-10666666358.8296,13932.0,6696688.0,-5999968923.0,-27289271386.0,-3977786889.0,837990.0,193689513040.0,-11333333028.4146,6751340.0,-16666634660.4,-49286815587.0,-11976005246.0,819005.0,199548050448.0,-21999999678.875,6784403.0,-21333301526.9,-50616092087.0,-13974030767.0,810702.0,218930960450.0,-25999999674.0147,6811752.0,-21999968232.6,-48614197833.0,-11973396169.0,807582.0,233711618348.0,-27333333006.6889,Indiana,IN,2,3,92369.414544,982.437518,92,807
19,91021.0,12331440.0,3078868.0,3092676.0,-1999960231.3,-5284119759.0,-641448316.0,373900.0,82641978002.0,-3333332965.9523,17727.0,3105599.0,-1333293596.0,-10616002190.0,-640721588.0,369839.0,85878499602.0,-3333332963.9354,17727.0,3117230.0,-1999960020.3,-13281256139.0,-1306437370.0,361369.0,89356250336.0,-3333332963.8792,17727.0,3131563.0,-1333293302.4,-9279350756.0,-638991720.0,353662.0,93475942102.0,-3333332964.4339004,17727.0,3138609.0,-1333293220.5,-15944598422.0,-1304648016.0,348158.0,96572209936.0,-3333332965.6282,17727.0,3149131.0,-1333293101.1000001,-15276557238.0,-1304154099.0,339132.0,99664961736.0,-3999999636.6411,3179549.0,-2666624840.6,-17937574844.0,-1301551397.0,339807.0,105065177870.0,-4666666289.3566,3189317.0,-1999958050.6,-19265688780.0,-1298548082.0,343220.0,115443674270.0,-3333332954.2872996,3196394.0,-2666624547.1,-21930480288.0,-1296726230.0,340427.0,121805343370.0,-4666666285.3467,Iowa,IA,2,4,145042.392455,1071.987781,99,970
20,80728.0,12598420.0,5924953.0,2893036.0,-3999970475.3,-6632154626.0,-3315037814.0,381163.0,72732848472.0,-5999999718.105599,13951.0,2898277.0,-3999970454.2,-17298304986.0,-3314834543.0,372906.0,74999295072.0,-5999999717.9394,13951.0,2903785.0,-3999970343.8,-17297317786.0,-3314194479.0,361083.0,78420445472.0,-6666666384.0097,13951.0,2908720.0,-3333303804.0,-18629307471.0,-3313780422.0,350188.0,81830262572.0,-5999999717.7601,13951.0,2910727.0,-3333303667.3,-19961835076.0,-3313266391.0,337734.0,84351504406.0,-6666666385.9210005,13951.0,2912581.0,-3333303702.4,-24627989865.0,-3312760975.0,323645.0,87094027640.0,-6666666388.2339,2932308.0,-5999970108.8,-29292005172.0,-3977946523.0,327232.0,91194749408.0,-9333333051.2594,2936112.0,-4666636686.5,-25288329307.0,-1975853702.0,329892.0,101607277040.0,-9999999717.325,2937776.0,-5999970126.0,-30620242921.0,-1974768478.0,328510.0,107311382806.0,-11333333051.3998,Kansas,KS,2,4,210781.421326,1288.835166,105,705
21,97133.0,13011330.0,3871836.0,4379017.0,-9999969514.3,-19306098225.0,-3318100972.0,803964.0,96407955206.0,-13333333010.739601,15939.0,4393515.0,-12666636230.9,-61972294281.0,-3984532305.0,802440.0,99293506740.0,-15333333004.4624,15939.0,4406539.0,-12666635744.199999,-65305034348.0,-3984033411.0,782152.0,102968607308.0,-17999999670.896698,15939.0,4421908.0,-12666635591.5,-64637371063.0,-5316777195.0,770494.0,107857531108.0,-16666666338.1497,15939.0,4430738.0,-12666635350.1,-67969893470.0,-4649470830.0,745540.0,114183276674.0,-18666666335.5937,15939.0,4443557.0,-11999968561.7,-69301895328.0,-6648986165.0,716650.0,116903315176.0,-17999999675.003498,4480841.0,-17999968013.4,-77299859562.0,-11314572912.0,708303.0,118275447982.0,-23999999666.7929,4490961.0,-18666634878.6,-87297345985.0,-11312780340.0,704080.0,131488948382.0,-23999999667.544098,4499246.0,-20666634964.4,-91963324117.0,-11978456165.0,706644.0,138141524916.0,-27333332994.486,Kentucky,KY,3,6,101146.541317,1569.9309,120,779
22,114684.0,12292540.0,5420286.0,4624842.0,-5999980312.4,-9312612628.0,-2655101231.0,888178.0,105733114438.0,-7999999767.4641,11308.0,4645248.0,-5999980330.3,-25978946194.0,-3321572612.0,889478.0,107574719172.0,-7333333099.9075,11308.0,4662956.0,-5999980161.3,-29312161021.0,-3321343940.0,887478.0,110816752572.0,-7999999767.0257,11308.0,4663128.0,-5333313450.2,-27311571215.0,-3320962335.0,878301.0,113452834106.0,-7999999766.4592,11308.0,4663777.0,-4666646557.6,-25310662705.0,-3987222619.0,871371.0,116814004040.0,-7333333098.3919,11308.0,4663755.0,-7333313194.5,-34643693032.0,-3986753214.0,845044.0,122529230340.0,-8666666436.7559,4656637.0,-12666645897.7,-46642449436.0,-7319421938.0,850270.0,121311499680.0,-18666666422.4377,4640014.0,-15999979401.8,-46640618737.0,-7985051235.0,841828.0,132767589514.0,-21999999753.7539,4620578.0,-16666645891.4,-50639915996.0,-7984537125.0,848563.0,138851536214.0,-22666666421.3918,Louisiana,LA,3,7,104199.7539,6122.682971,64,539
23,41610.0,4422260.0,1338380.0,1328471.0,-3999980334.1,-6646986948.0,-2655590268.0,179999.0,31942325604.0,-5999999823.8388,9785.0,1329531.0,-4666646853.2,-12646308315.0,-2655037828.0,174245.0,32919574404.0,-6666666489.2246,9785.0,1329755.0,-3999979854.6,-13312131904.0,-2654441306.0,166766.0,35549974170.0,-5333333156.1424,9785.0,1332676.0,-3999979749.2,-11977991186.0,-2653962380.0,161727.0,37426740870.0,-5999999822.0322,9785.0,1335388.0,-3999979558.0,-14644103601.0,-1986789205.0,153093.0,39994977936.0,-5999999821.1061,9785.0,1340587.0,-5333312958.7,-15976592910.0,-2653008888.0,144235.0,41236704170.0,-6666666488.1441,1357334.0,-5999979471.5,-21309069832.0,-5319001127.0,146001.0,41239809740.0,-8666666486.2494,1367298.0,-7999979561.8,-21307123067.0,-7317551408.0,145507.0,43815348276.0,-10666666483.7951,1377734.0,-7999979550.9,-20638836232.0,-7316437652.0,144275.0,48187901342.0,-10666666482.1514,Maine,ME,1,1,65666.22184,7025.074448,16,427
24,235844.0,12979220.0,8213114.0,5930301.0,-3999980725.4,-11964608562.0,-1982668170.0,576736.0,203843259608.0,-9999999810.1534,11160.0,5959549.0,-3999980680.3,-19964381724.0,-1982585572.0,576706.0,210550681674.0,-10666666475.972,11160.0,5995816.0,-4666647163.7,-18629342398.0,-2648421981.0,566869.0,219147138174.0,-11333333141.8355,11160.0,6003141.0,-4666647196.7,-23962106241.0,-3314691185.0,553406.0,227634513108.0,-11333333142.0231,11160.0,6018481.0,-4666647149.0,-21293936787.0,-3314024309.0,539854.0,237667534208.0,-9999999810.221899,11160.0,6037261.0,-4666646967.5,-25293029966.0,-1980143215.0,531402.0,248100505340.0,-9999999813.164,6148152.0,-11333313347.4,-27956635503.0,-7978783915.0,550059.0,261149754348.0,-19333333137.3625,6161258.0,-12666646727.8,-34620795695.0,-7976989388.0,558530.0,286479895114.0,-19333333135.9759,6170363.0,-8666646467.0,-32618875969.0,-5975883955.0,564926.0,301635358878.0,-16666666470.9562,Maryland,MD,3,5,24977.722825,1958.976529,24,477
25,108470.0,14005600.0,10343458.0,6704141.0,-2666643887.2000003,-6627425780.0,-646306744.0,748839.0,236001593804.0,-6666666437.3968,13300.0,6740628.0,-2666643801.4,-10626014658.0,-645657967.0,740752.0,245589362370.0,-5999999770.5459,13300.0,6787905.0,-3333310372.2,-12624539027.0,-644728928.0,727469.0,260007353370.0,-4666666437.3777,13300.0,6829287.0,-2666643577.7,-9955713345.0,-643773267.0,710330.0,274071044770.0,-4666666436.7493,13300.0,6849804.0,-2666643545.2,-10620369751.0,-1309301461.0,680986.0,288478784570.0,-4666666438.2137,13300.0,6872111.0,-3333310294.5,-13952242374.0,-1308393060.0,653477.0,303567715770.0,-5333333103.7817,6991492.0,-4666643317.9,-17949284000.0,-3306555997.0,668541.0,329001879172.0,-8666666433.2348,6983821.0,-7333310035.5,-20612129713.0,-3970639975.0,672091.0,362825914206.0,-9333333097.1936,6992213.0,-6666643241.400001,-21275847598.0,-4635765954.0,676379.0,382738745240.0,-11333333095.4872,Massachusetts,MA,1,1,20114.761272,1433.134379,14,539
26,171905.0,19538750.0,9122029.0,9900485.0,-4666624169.9,-9285788175.0,-3308771458.0,1616866.0,251094882672.0,-6666666262.7339,25454.0,9909552.0,-3999957326.9,-12617930160.0,-3308020937.0,1575061.0,260749073172.0,-5999999594.6367,25454.0,9925326.0,-4666623814.6,-12615908334.0,-3306758071.0,1510831.0,274994263472.0,-6666666258.9566,25454.0,9957252.0,-4666623779.5,-17947063642.0,-3305521828.0,1457004.0,289245845872.0,-7333332924.7871,25454.0,9964978.0,-4666623540.9,-14611661843.0,-3304350135.0,1398523.0,303162149872.0,-7999999591.9179,25454.0,9973663.0,-5333290048.7,-16610234301.0,-3969701717.0,1337253.0,315604252006.0,-7999999594.1438,10062493.0,-5333289360.8,-21939928336.0,-2634450881.0,1310056.0,334893354206.0,-9999999588.0653,10057902.0,-5333289515.8,-19934571240.0,-3964610472.0,1293163.0,364841520974.0,-9999999585.9757,10051577.0,-4666622607.8,-19264732043.0,-3296346544.0,1284470.0,382373630440.0,-9333332920.2798,Michigan,MI,2,3,145281.834249,7751.200425,83,992
27,160668.0,18028850.0,8068226.0,5418664.0,-3999963013.0,-6617582816.0,-3308274044.0,596546.0,165586125772.0,-5333332975.5127,23652.0,5450596.0,-3999962857.8,-10616254099.0,-2640748821.0,577124.0,172771710838.0,-5999999641.2169,23652.0,5490416.0,-3333296093.4,-9280926114.0,-1973069772.0,560927.0,182877567904.0,-6666666307.2186,23652.0,5527174.0,-3333295946.6,-9945652405.0,-2638722580.0,547442.0,191731347938.0,-5999999642.0863,23652.0,5563418.0,-3333295802.6,-11277306441.0,-2637758202.0,526173.0,200610999438.0,-5999999643.6407,23652.0,5600302.0,-3333295667.6,-10608900096.0,-2636784616.0,511299.0,209095267338.0,-5333332980.3445,5671063.0,-3999962313.6,-12605418682.0,-2635244222.0,512451.0,222932091206.0,-7333332976.5515995,5695830.0,-3333295527.2,-9933172171.0,-3298929764.0,516438.0,245886498572.0,-6666666308.8909,5714162.0,-3333295504.1,-11930879770.0,-3297443175.0,514408.0,259189609172.0,-6666666306.9344,Minnesota,MN,2,4,204304.729886,11604.61784,87,881
28,62167.0,7771820.0,2234350.0,2987543.0,-1333317359.3,-8652366256.0,-1325603162.0,651454.0,54863086972.0,-7333333147.1967,11648.0,2988725.0,-2666650761.8,-17318690338.0,-1992075961.0,645434.0,56580138972.0,-7333333145.0507,11648.0,2985904.0,-3333317290.5,-21318627276.0,-1991808581.0,619875.0,59066574872.0,-7333333145.0718,11648.0,2988303.0,-1999983835.6000001,-22651371891.0,-1991345975.0,599706.0,61686097672.0,-5999999813.9135,11648.0,2984119.0,-2666650409.3,-23317661456.0,-1991137632.0,585733.0,63377801606.0,-7333333146.1006,11648.0,2981541.0,-3333316938.7999997,-20650261283.0,-1990711356.0,564391.0,66737229306.0,-8666666478.2975,2966926.0,-7999983461.900001,-35983391506.0,-5323559177.0,557111.0,64075026812.0,-15333333138.5738,2958729.0,-7999983421.3,-34648356552.0,-5989258932.0,548726.0,69787956880.0,-16666666472.5921,2951317.0,-7999983490.9,-31980680734.0,-7322094568.0,543595.0,72460800548.0,-17333333138.4102,Mississippi,MS,3,6,120838.747677,1833.014757,82,427
29,151830.0,20293760.0,9969757.0,6045358.0,-8666624345.2,-14622714548.0,-5310516159.0,915895.0,147766118240.0,-11999999584.5442,29522.0,6059570.0,-6666624128.9,-31954604726.0,-4643033667.0,897705.0,154096336972.0,-10666666251.2759,29522.0,6075194.0,-9999957497.4,-34619638497.0,-3308742378.0,861633.0,162016463872.0,-13999999583.3647,29522.0,6090169.0,-7999957424.400001,-35950991342.0,-2640983424.0,837956.0,171912135370.0,-12666666249.0278,29522.0,6105037.0,-8666623656.7,-35282795159.0,-5306324860.0,810164.0,177622757006.0,-13333332912.9015,29522.0,6123993.0,-8666623502.3,-43948800693.0,-5305372123.0,773110.0,184727546106.0,-11333332916.4174,6141739.0,-12666623398.9,-51278103992.0,-6637232420.0,762146.0,193675653642.0,-19999999573.2731,6154689.0,-14666623506.0,-56607037446.0,-7301305894.0,766787.0,211061825910.0,-19999999570.669098,6168379.0,-15333290017.1,-51270579895.0,-7966406694.0,756680.0,223717375376.0,-19999999573.4989,Missouri,MO,2,4,178011.060774,2529.91895,115,1035
30,0.0,2487980.0,369288.0,1015262.0,-1333316954.8999999,-4651012595.0,9477496.0,150591.0,23860048902.0,-2666666516.4560003,10800.0,1023951.0,16574.0,-16650793848.0,9669653.0,148701.0,25668640168.0,-1999999851.4078999,10800.0,1030403.0,16698.5,-20650392950.0,10031456.0,144216.0,27498588168.0,-1333333184.5666,10800.0,1042309.0,16933.4,-16649311034.0,10270338.0,139106.0,29381476634.0,-3333333184.4699,10800.0,1051231.0,16981.9,-19315671613.0,10594238.0,134646.0,31089349834.0,-1333333184.1984,10800.0,1062344.0,-666649745.7,-20648173342.0,11062430.0,132546.0,32852893134.0,-1999999852.6835,1078734.0,-1999983106.4,-34647818746.0,-1321454917.0,131576.0,32578105170.0,-3999999847.1345,1092396.0,-1999982865.8,-28645796007.0,-653712893.0,132407.0,38035220502.0,-3999999846.6276,1105740.0,-3333316260.9,-27977638029.0,-652596368.0,130072.0,41475225368.0,-5333333178.7075,Montana,MT,4,8,371559.467649,3699.995461,56,369
31,62133.0,7972160.0,3120046.0,1868973.0,-666641492.5999999,-2636351710.0,15903548.0,231109.0,49753620068.0,-1999999767.8158,17918.0,1880811.0,-666641437.7,-12636113070.0,16282839.0,226950.0,51403908768.0,-1999999767.8918,17918.0,1893613.0,-666641396.8000001,-15968505502.0,16983214.0,220394.0,54250107968.0,-1999999769.4510999,17918.0,1904359.0,-1999974881.8,-13300705909.0,17274122.0,213823.0,56924545568.0,-3333333104.5945,17918.0,1914304.0,-1999974904.2,-12633198664.0,-648582694.0,206697.0,58874647402.0,-3333333103.5965,17918.0,1923753.0,-3333308254.3,-14632316039.0,-1314577439.0,194040.0,61087845502.0,-3999999772.7213,1951460.0,-4666641588.6,-21297096961.0,-2647146600.0,195548.0,62673010738.0,-6666666435.3409,1959116.0,-3999974699.9,-20627486318.0,-2645435010.0,198608.0,69511934238.0,-5999999766.526,1966150.0,-3999974682.4,-19292052714.0,-1977363178.0,197452.0,74838882904.0,-5999999761.8435,Nebraska,NE,2,4,199561.684813,1381.187425,93,584
32,50896.0,5023140.0,3354661.0,2798144.0,-3999992977.4,-6657981261.0,-1328461483.0,426238.0,68294690202.0,-5999999927.4166,5536.0,2838891.0,-3333326222.7000003,-11991016774.0,-661528982.0,417199.0,71684837668.0,-4666666595.3208,5536.0,2887561.0,-4666659475.1,-11323995116.0,-1994742250.0,405258.0,75049133236.0,-5333333261.4225,5536.0,2922593.0,-5333326179.5,-11990255737.0,-3994527095.0,393442.0,78516308738.0,-5333333260.4139,5536.0,2972234.0,-4666659410.0,-15990420417.0,-3327681792.0,384679.0,85516044504.0,-5999999926.2255,5536.0,3030030.0,-5999992807.0,-15323798035.0,-3327731748.0,381607.0,91301345104.0,-7333333259.3479,3058902.0,-5999992642.6,-19989464866.0,-3326908155.0,388753.0,95592021140.0,-9999999922.1298,3104528.0,-3999992275.6,-18654765825.0,-2659689848.0,389490.0,108621751572.0,-7333333256.6291,3140659.0,-5333325706.1,-19987862787.0,-3992656058.0,390403.0,115084938740.0,-7999999922.6585,Nevada,NV,4,8,124840.670134,724.784772,17,180
33,26621.0,4961690.0,2085776.0,1323381.0,-666655575.9000001,-1317038912.0,8302052.0,113667.0,44570329000.0,-666666568.4319,8085.0,1326730.0,11298.3,-1983060088.0,8631153.0,109529.0,45797442400.0,98.1256,8085.0,1331116.0,11385.1,-2649149420.0,9001970.0,104317.0,48221869100.0,98.2864,8085.0,1342795.0,11366.6,-1314869948.0,9495499.0,102176.0,50595916700.0,98.4565,8085.0,1347581.0,11389.7,-5314600908.0,9775351.0,98619.0,52734140600.0,98.5588,8085.0,1354724.0,11511.3,-3980518803.0,10258222.0,97383.0,54587059600.0,-666666567.8659999,1371864.0,-1333321845.7,-5979577647.0,-655785383.0,98420.0,57726705634.0,-1999999899.3476,1379261.0,-1999988612.7,-7978103988.0,-1321415856.0,98146.0,63041554668.0,-3333333230.7581,1387500.0,-2666655191.2999997,-7310235359.0,-1987658027.0,96445.0,66368640502.0,-3333333231.3052998,New Hampshire,NH,1,1,22579.429285,821.145474,10,246
34,242432.0,20659680.0,26607699.0,8904406.0,-4666641990.5,-9951618227.0,-1309992040.0,944840.0,310495694972.0,-8666666415.720499,20162.0,8915423.0,-1999975019.8,-13950141236.0,-1309204214.0,949329.0,318703990406.0,-7333333082.1327,20162.0,8960114.0,-2666641712.2,-15281746596.0,-1308408078.0,938242.0,332814840306.0,-7999999748.4301,20162.0,8881703.0,-3999975025.7999997,-13279582761.0,-640636212.0,904128.0,349884614504.0,-9333333080.2873,20162.0,8878370.0,-3999974874.5,-14611361961.0,-1306209484.0,869076.0,365952826938.0,-7333333080.6045,20162.0,8885301.0,-3999974909.9,-19943893373.0,-1305393611.0,842698.0,380954871638.0,-8666666413.9583,9234024.0,-7333308305.8,-22607472943.0,-5303885863.0,883896.0,415343677708.0,-12666666410.4499,9249063.0,-7999974853.3,-23269204059.0,-5967727729.0,879179.0,456687651208.0,-13999999741.7087,9267014.0,-8666641471.5,-23266578127.0,-4632975997.0,889287.0,480633801174.0,-13333333076.3533,New Jersey,NJ,1,2,18940.239038,1112.350989,21,598
35,18809.0,7484600.0,602129.0,2086179.0,-10666651331.800001,-19988077441.0,-4659104229.0,429902.0,40173505774.0,-12666666509.5177,12792.0,2084647.0,-12666651562.0,-51321550266.0,-4659046445.0,427371.0,40740845074.0,-15999999840.216,12792.0,2086440.0,-15333318208.5,-46654322896.0,-4659011711.0,420749.0,41774431008.0,-19333333173.7428,12792.0,2093879.0,-15999984906.6,-37987938438.0,-3325916901.0,395313.0,44807750306.0,-16666666523.1166,12792.0,2093701.0,-15333317856.6,-50653559205.0,-4658046373.0,392349.0,46532296874.0,-18666666508.1803,12792.0,2098009.0,-15333317565.6,-63320591779.0,-5991225993.0,381062.0,46976060642.0,-19999999843.7001,2110947.0,-19333317650.6,-65319636918.0,-8657043765.0,379399.0,46555084446.0,-23333333174.4907,2114160.0,-21333317827.0,-67318153802.0,-8656348643.0,379181.0,51805204914.0,-27999999837.4357,2116795.0,-23999984429.9,-63983645172.0,-9322762599.0,375948.0,55143698382.0,-27999999839.3766,New Mexico,NM,4,8,266777.602459,663.081649,33,373
36,455704.0,49575150.0,38473518.0,19672330.0,-29333259139.0,-52559802519.0,-23277662349.0,3005884.0,596489968834.0,-41999999251.7093,64260.0,19696662.0,-30666592304.4,-82557634002.0,-23276338596.0,2967535.0,616177016400.0,-41999999247.2214,64260.0,19797410.0,-30666591805.3,-85220741922.0,-24607485531.0,2908407.0,648974843800.0,-42666665912.8541,64260.0,19617447.0,-29333257896.1,-95217254279.0,-23938688773.0,2797920.0,680012042266.0,-42666665914.3967,64260.0,19571420.0,-29999924056.4,-93879631498.0,-24602458213.0,2681221.0,715802780566.0,-43999999245.6606,64260.0,19513932.0,-31999923995.8,-102543377502.0,-25266403285.0,2580953.0,744879363636.0,-46666665910.3865,20114745.0,-45333256050.2,-125869453975.0,-33928218277.0,2636823.0,791376292282.0,-65999999220.2305,19994379.0,-42666589151.2,-123191589779.0,-33254715265.0,2655662.0,872466177280.0,-62666665883.0641,19789763.0,-43999922222.4,-132520148890.0,-33250658861.0,2649793.0,916231361180.0,-65999999210.0912,New York,NY,1,2,121319.237652,3351.655821,62,1826
37,181928.0,20520900.0,7809640.0,9844928.0,-5999966718.6,-12631647921.0,-4647778322.0,1667412.0,238674766708.0,-9999999652.0606,29822.0,9940468.0,-6666633140.400001,-19297441261.0,-5313902264.0,1631634.0,248350999642.0,-10666666317.8242,29822.0,10052176.0,-5999966211.6,-25962999055.0,-4646084664.0,1579811.0,265203244108.0,-9999999648.7289,29822.0,10155274.0,-5333299319.2,-27961519427.0,-3978493051.0,1523891.0,281644970774.0,-9333332980.8929,29822.0,10264547.0,-4666632347.7,-24626183827.0,-3977424218.0,1467542.0,297736479074.0,-8666666314.952,29822.0,10385818.0,-4666632192.1,-26624834566.0,-3976597141.0,1411891.0,313623888074.0,-9333332983.7637,10367022.0,-17999964439.5,-57955492129.0,-13308046509.0,1379672.0,318442789324.0,-31333332957.3979,10470214.0,-19999964465.9,-55284626497.0,-13305714519.0,1357418.0,357913548490.0,-33999999622.221,10584400.0,-19333297674.2,-57949080786.0,-11971002655.0,1355827.0,386444438888.0,-34666666288.6343,North Carolina,NC,3,5,125858.6378,4989.760767,100,853
38,9516.0,4076300.0,363267.0,720728.0,-1333316377.5,-7978648170.0,-653929000.0,79692.0,16801338606.0,-6666666500.1359005,14524.0,735196.0,-666649746.8000001,-15311419381.0,-653615083.0,79226.0,18026716606.0,-6666666502.0134,14524.0,744599.0,-1999983063.7,-15976997163.0,-653334753.0,79307.0,19313643306.0,-7333333169.9635,14524.0,751250.0,-1333316511.8,-18642964728.0,-653211305.0,79173.0,20435371206.0,-6666666506.1919,14524.0,755665.0,-1333316274.2,-17308947227.0,-1319645868.0,78104.0,20508271940.0,-6666666508.0382,14524.0,759391.0,-1999983052.4,-21976045402.0,-1319655084.0,77362.0,21401805306.0,-7333333175.7981,772299.0,-3999983044.2,-25308106518.0,-3318900265.0,80233.0,20939304074.0,-7999999840.6347,776110.0,-3999983041.2999997,-23305252150.0,-1984133496.0,80698.0,25071013606.0,-7333333173.6382,778556.0,-3999983096.5,-21304266007.0,-1316626214.0,79565.0,27945161438.0,-7999999839.6751995,North Dakota,ND,2,4,176199.322355,4386.056165,53,388
39,230417.0,29068800.0,12349740.0,11573668.0,-9333285348.6,-21275994306.0,-3304381098.0,1775587.0,297743188440.0,-15999999514.7392,46410.0,11584661.0,-10666618694.6,-29940563891.0,-5970195450.0,1732573.0,304392289810.0,-14666666181.7359,46410.0,11607518.0,-9999951682.7,-37939145037.0,-5302303743.0,1683652.0,320744450542.0,-13999999516.0082,46410.0,11639706.0,-9333284773.3,-38603510664.0,-3967536349.0,1645636.0,337500699974.0,-14666666180.443,46410.0,11653072.0,-9333284654.7,-30600607459.0,-4632899652.0,1588007.0,351799466908.0,-16666666180.2136,46410.0,11672939.0,-7333284308.6,-40599318486.0,-3965118887.0,1545621.0,362947826842.0,-13999999517.2766,11769923.0,-13999949748.0,-55260554412.0,-10629122117.0,1528963.0,382435669516.0,-23999999497.347,11774683.0,-17333283130.7,-59921709325.0,-9958959427.0,1526507.0,418899308050.0,-25333332828.7583,11780046.0,-19999949781.1,-58585077235.0,-11957083646.0,1519610.0,439580929018.0,-28666666158.9346,Ohio,OH,2,3,105753.506865,1307.932343,88,1233
40,133751.0,13773860.0,6344462.0,3849979.0,-1999973855.5000002,-3971628850.0,-1318377542.0,624071.0,90318488736.0,-3333333052.5877,25920.0,3875849.0,-1333307159.5,-8637490186.0,-1318077150.0,621189.0,93007777636.0,-2666666386.5355,25920.0,3896565.0,-1333307159.3,-11970237468.0,-1317712704.0,612768.0,96763576136.0,-2666666386.4214,25920.0,3918473.0,-1999973748.8999999,-14636264479.0,-1317213676.0,607874.0,100948756336.0,-3333333052.4822,25920.0,3933262.0,-2666640504.0,-15968636451.0,-650060517.0,598435.0,105598804302.0,-3999999719.5164003,25920.0,3949760.0,-1999973745.8,-18634412794.0,-1316076084.0,585536.0,108160012236.0,-3999999725.4827,3948112.0,-3999972950.5,-23965877658.0,-3315070846.0,583850.0,111351108106.0,-7999999718.2172,3970463.0,-4666639591.8,-24629677218.0,-1980161619.0,585988.0,122508459906.0,-8666666383.5461,3995228.0,-5333306270.7,-21961073043.0,-2646177001.0,593817.0,128039225440.0,-8666666384.9467,Oklahoma,OK,3,7,176017.940336,3153.554959,77,664
41,80760.0,11412180.0,4762403.0,3939721.0,-1999980934.0,-7314389391.0,-1322713889.0,637147.0,103193833536.0,-3999999826.4508,17088.0,3982699.0,-3333314359.8,-15980505123.0,-1322444260.0,614348.0,108640943836.0,-5999999824.151299,17088.0,4025489.0,-4666647846.4,-15312624460.0,-1321940844.0,587388.0,116534727536.0,-7999999821.9911,17088.0,4082172.0,-4666647848.5,-15311439446.0,-1987985788.0,565311.0,124066696070.0,-6666666489.4833,17088.0,4130065.0,-2666647746.2,-19977114131.0,-1987195407.0,533612.0,131813336104.0,-4666666491.7548,17088.0,4176467.0,-3999980976.9,-20642872170.0,-1986853451.0,506654.0,140762863604.0,-5999999826.8592,4207288.0,-6666647432.2,-24640847945.0,-3319169213.0,498568.0,150572476472.0,-8666666487.7605,4229359.0,-4666647211.9,-23305351819.0,-3317698668.0,494235.0,168325592572.0,-6666666488.3464,4238837.0,-7333313992.2,-28637578306.0,-3316945006.0,494852.0,178971811372.0,-7999999820.1786995,Oregon,OR,4,9,172202.862126,2516.9224560000002,36,428
42,493011.0,55009590.0,33279162.0,12776721.0,-9999923764.7,-33243646277.0,-7286123814.0,1666034.0,350059834646.0,-21333332621.0393,74760.0,12781392.0,-14666590404.5,-62573923013.0,-7951782752.0,1647400.0,357869145882.0,-24666665949.8992,74760.0,12787868.0,-14666589966.0,-69904934914.0,-7282993183.0,1623236.0,376729388348.0,-21999999283.0205,74760.0,12788703.0,-17999923291.2,-79901999375.0,-7281477809.0,1578783.0,396332490880.0,-27333332611.0153,74760.0,12788797.0,-15999922737.4,-81898335654.0,-9279058809.0,1539048.0,414594471414.0,-23333332613.4076,74760.0,12792007.0,-19333255744.2,-89895733609.0,-10610640720.0,1480288.0,429441237216.0,-28666665949.7622,12970650.0,-17333253129.3,-107219739674.0,-11938776033.0,1482811.0,458506359086.0,-29333332598.3353,12989208.0,-21999919842.2,-109210416646.0,-12600002725.0,1482439.0,503619783620.0,-33999999260.7757,12986518.0,-19999919563.5,-109872682587.0,-13930139404.0,1480981.0,527868397888.0,-29333332596.1193,Pennsylvania,PA,1,2,115833.553765,1500.275722,67,1833
44,11988.0,3183300.0,3552745.0,1053661.0,3231.2,-1328561905.0,2677727.0,144223.0,30328436168.0,-1333333300.6855001,3388.0,1054491.0,3242.1,-2661407158.0,2743477.0,140161.0,31085530668.0,-1333333300.6897,3388.0,1056138.0,3266.4,-3328026548.0,2787292.0,136126.0,32616086468.0,-1333333301.0770001,3388.0,1056611.0,3273.6,-1994358843.0,2878698.0,133055.0,33808494368.0,-1333333301.0651,3388.0,1057231.0,3296.4,-3994250356.0,2960011.0,125826.0,35233235268.0,-1333333301.5446,3388.0,1057798.0,3270.5,-1993803400.0,3056712.0,117785.0,36999011568.0,-1333333302.1845,1091969.0,-666663229.2,-6660718793.0,3234900.0,118257.0,41777021000.0,-3333333299.0169,1094278.0,-666663231.1,-5993369464.0,3618956.0,118033.0,46032468200.0,-3333333299.2455997,1095391.0,-1333329933.6000001,-6659526070.0,3807239.0,114890.0,49204116200.0,-2666666634.1003,Rhode Island,RI,1,1,2677.0991989999998,332.180441,5,81
45,58093.0,8826460.0,3754744.0,4775890.0,-2666649983.7,-9316741677.0,-1990973735.0,830828.0,105157900374.0,-7333333146.4483,18900.0,4832957.0,-2666649782.0,-15316342089.0,-1323953255.0,806389.0,111215411740.0,-7999999812.3023,18900.0,4891926.0,-2666649596.1,-17315867318.0,-656944402.0,790621.0,118895259906.0,-8666666478.6832,18900.0,4954416.0,-2666649513.9,-15315039774.0,-656483415.0,770600.0,126110761340.0,-9999999810.4773,18900.0,5020370.0,-2666649340.5,-16647588700.0,-655970585.0,741614.0,135260457806.0,-8666666477.1964,18900.0,5091174.0,-3999982678.7999997,-19980547320.0,-1322149847.0,726436.0,143787008006.0,-10666666476.6087,5078903.0,-5999982479.2,-25312304855.0,-1321270692.0,718345.0,152998789074.0,-13333333141.2284,5142750.0,-5333315699.1,-25977425209.0,-1320211777.0,717849.0,171642740474.0,-12666666475.9264,5212774.0,-4666648965.2,-25309550662.0,-1319464615.0,719720.0,184157608008.0,-12666666476.1774,South Carolina,SC,3,5,76979.082807,2828.999095,46,424
46,17928.0,4996340.0,719805.0,843241.0,-1333317526.6000001,-3982036317.0,-656749996.0,114948.0,19956377002.0,-3999999844.0054,17097.0,851099.0,-1333317674.6,-11981372624.0,-656493128.0,115409.0,20809750602.0,-3333333178.0088,17097.0,855335.0,-2666651360.5,-16647676775.0,-656140652.0,114835.0,22108994502.0,-3999999845.1334,17097.0,864212.0,-2666651240.9,-15980366869.0,-655897885.0,113089.0,22513348536.0,-5333333178.6156,17097.0,870423.0,-1999984521.1,-19313181022.0,-1322256213.0,110302.0,22915060470.0,-4666666515.1537,17097.0,878817.0,-1999984568.4,-24646571624.0,-1321997058.0,108514.0,24398437936.0,-3333333185.6169,881032.0,-3333317812.6,-25312251074.0,-1321493646.0,106091.0,24703290604.0,-6666666513.5601,889313.0,-2666651007.4,-23310001454.0,-653269828.0,105220.0,28471689870.0,-5999999844.9955,898326.0,-3999984457.5,-19308176309.0,-652719224.0,104178.0,30701676570.0,-7999999843.841701,South Dakota,SD,2,4,197360.30881,3380.0525430000002,66,376
47,138415.0,14568350.0,6184413.0,6512853.0,-3333307387.0,-9973970489.0,-3319320773.0,1119259.0,152087137040.0,-8666666393.6131,29401.0,6561355.0,-3333307223.9,-15973298229.0,-3318876191.0,1101664.0,157653222674.0,-7999999726.0159,29401.0,6610240.0,-3333307115.8,-15972227306.0,-1984929264.0,1073628.0,168976831572.0,-8666666391.4483,29401.0,6664199.0,-3999973786.8,-20637957538.0,-2650863175.0,1047860.0,177562209506.0,-8666666390.5266,29401.0,6722302.0,-4666640484.5,-19969792347.0,-2650165650.0,998019.0,188265615406.0,-7999999725.7405,29401.0,6785739.0,-3999973631.7,-23968860269.0,-1982955140.0,966257.0,197869720772.0,-7999999728.4677,6872908.0,-13333307049.3,-27300285434.0,-8648675056.0,956766.0,204666204414.0,-18666666385.2938,6935933.0,-13333306918.9,-30630629355.0,-10646854040.0,944346.0,226372334616.0,-19999999717.7075,6997741.0,-13333306941.9,-27961966770.0,-11312464793.0,941038.0,242296733650.0,-19999999717.3246,Tennessee,TN,3,6,105990.606915,2278.515827,95,638
48,304376.0,39683680.0,22522072.0,26536942.0,-19333259499.0,-49239071359.0,-9951345944.0,4472144.0,667820066154.0,-35333332500.8493,92352.0,26954603.0,-17333259327.7,-85903553422.0,-8616596819.0,4396999.0,700591391420.0,-35999999169.6372,92352.0,27417739.0,-20666592551.9,-89899659127.0,-8614836466.0,4291040.0,743276123986.0,-35999999170.5101,92352.0,27883437.0,-19999925654.9,-91897018581.0,-9946599120.0,4213746.0,783797513454.0,-32666665839.536602,92352.0,28258955.0,-21999925485.2,-96559838307.0,-11944828302.0,4072029.0,822247452790.0,-35333332506.0331,92352.0,28633411.0,-24666592386.8,-106557190469.0,-13276705355.0,3984134.0,862497220424.0,-39999999176.106,28861826.0,-52666591068.1,-153885350930.0,-39939878100.0,3965049.0,904896036192.0,-79333332468.6264,29242495.0,-55333257699.4,-151208947765.0,-37268216072.0,3990265.0,1015258807190.0,-81999999137.2984,29639483.0,-61333257849.7,-155204174124.0,-39931625703.0,4005353.0,1089808433658.0,-84666665799.9015,Texas,TX,3,7,584252.240175,11019.579387,254,1989
49,62660.0,6830420.0,4225189.0,2903519.0,-1999989969.5,-3317664904.0,-1993342519.0,351650.0,66686573436.0,-3333333222.5356,14071.0,2948462.0,-1999989765.8,-9317105512.0,-1993046173.0,338852.0,70250323636.0,-3333333222.3949,14071.0,2993856.0,-1999989682.1,-13983595979.0,-1992753647.0,324844.0,76014576402.0,-3333333222.4528,14071.0,3045095.0,-1999989587.5,-11315858882.0,-1992353622.0,309907.0,81313463302.0,-3999999889.5529,14071.0,3094462.0,-1333322973.1,-11981991252.0,-1325454277.0,298620.0,87749027168.0,-3999999889.6308,14071.0,3145701.0,-1333322860.5,-16648660398.0,-1325218168.0,282647.0,91866059336.0,-4666666555.8873005,3231269.0,-5999989403.9,-21314018070.0,-5324605815.0,278103.0,98181366140.0,-8666666548.5812,3283711.0,-7333322736.4,-21312220045.0,-5323669140.0,274839.0,111117260474.0,-9999999879.4159,3331267.0,-7333322570.7,-22644791838.0,-5323248680.0,280324.0,121813480940.0,-9333333213.1193,Utah,UT,4,8,103859.866623,1236.268173,29,299
50,17545.0,4370240.0,553549.0,626534.0,-666655248.6999999,-3319893146.0,-659251123.0,69231.0,17016574768.0,-2666666563.0094,12650.0,626171.0,-666655187.6,-6652820310.0,-659039837.0,69670.0,17424513968.0,-1333333230.2547002,12650.0,624542.0,-666655052.9,-5985803928.0,-658749515.0,68142.0,18207674468.0,-1999999896.0983,12650.0,624874.0,-666655030.6,-3985128893.0,-658438908.0,67028.0,18357611802.0,-1999999896.0883,12650.0,624214.0,-666655054.1,-5984811050.0,-658210681.0,65646.0,19110556802.0,-1999999896.2666,12650.0,624242.0,-1999988498.1,-6650732164.0,-657886569.0,64694.0,20674009668.0,-2666666563.6663,641637.0,-5999988238.9,-15316676541.0,-4657311361.0,64962.0,16908720640.0,-7999999889.7391,643816.0,-5999988024.7,-15315032076.0,-4656298685.0,64739.0,19327370540.0,-7999999889.0529,645254.0,-4666654511.6,-15980786593.0,-3322055127.0,63902.0,23233862438.0,-6666666556.1116,Vermont,VT,1,1,23872.594714,1030.642813,14,265
51,163869.0,22713350.0,16948924.0,8253359.0,-7333295693.0,-22618208760.0,-3974762390.0,921788.0,262381025710.0,-16666666305.2465,45033.0,8306889.0,-9333295659.1,-47284155435.0,-3307457091.0,921623.0,271426917776.0,-17333332970.5078,45033.0,8362744.0,-9333295486.6,-51283186497.0,-2639770600.0,906718.0,282563834610.0,-16666666302.0844,45033.0,8410615.0,-9333295402.3,-47280677594.0,-2638794219.0,893487.0,297162400176.0,-17999999634.2492,45033.0,8451170.0,-10666628469.4,-47945269928.0,-4637906190.0,865469.0,308525365412.0,-20666666300.1663,45033.0,8506254.0,-11999961641.7,-57944545704.0,-5302887375.0,826610.0,325469255512.0,-20666666300.9051,8582861.0,-19333294589.1,-73274857145.0,-11968239431.0,828735.0,336547141224.0,-34666666289.8877,8624869.0,-19999961082.1,-71936165217.0,-12631929426.0,836768.0,370521655926.0,-37333332953.7649,8657769.0,-22666627985.7,-67933018229.0,-13297359229.0,834884.0,390460495026.0,-36666666284.5877,Virginia,VA,3,5,102020.07662,3472.286456,117,903
53,197349.0,19011210.0,13278705.0,6972914.0,-6666642078.400001,-16635556666.0,-3983400933.0,907712.0,206543825342.0,-13999999751.9289,31535.0,7060363.0,-6666641837.5,-27301009702.0,-4649328124.0,882416.0,216810887976.0,-12666666418.5986,31535.0,7156478.0,-6666641662.3,-29299321013.0,-3981795448.0,858846.0,234909326742.0,-13333333085.4402,31535.0,7280023.0,-7333308302.0,-29964654338.0,-5314359552.0,820760.0,252275805110.0,-13333333085.9532,31535.0,7388766.0,-8666641579.1,-29962998005.0,-4646777061.0,784185.0,272701627642.0,-13999999751.4504,31535.0,7496762.0,-8666641442.2,-30627787298.0,-3979313621.0,750116.0,291967340342.0,-14666666420.3341,7617374.0,-11999974736.7,-37291477344.0,-7311043778.0,746891.0,312007904248.0,-20666666412.0066,7688446.0,-12666641456.5,-37287609197.0,-6641846310.0,747512.0,352062515114.0,-20666666409.8382,7740873.0,-11999974718.4,-32618248608.0,-5973635396.0,753436.0,377910608280.0,-20666666408.8997,Washington,WA,4,9,156577.499612,5143.12562,39,605
54,61113.0,9055460.0,1685664.0,1850886.0,-6666636215.3,-15975209208.0,-2652345743.0,323298.0,37096893938.0,-7999999715.7723,38070.0,1845572.0,-5999969122.099999,-59308138176.0,-1985472989.0,317975.0,38687223204.0,-10666666383.3988,38070.0,1836226.0,-7333302256.2,-73308125908.0,-2651742307.0,317028.0,37945674106.0,-12666666383.5709,38070.0,1828329.0,-7999968886.900001,-76641217880.0,-1318108474.0,315316.0,41594743470.0,-13333333049.2027,38070.0,1816700.0,-9333301876.4,-88641081797.0,-1317504057.0,309944.0,43236822170.0,-11999999716.4554,38070.0,1806727.0,-13999968519.199999,-94640692942.0,-4650610856.0,300043.0,41887495106.0,-17999999718.1325,1800667.0,-22666634223.3,-117972023258.0,-10649517164.0,295561.0,36639703146.0,-25333333035.2114,1792609.0,-23333301090.5,-117303013240.0,-11981373666.0,291778.0,40021882114.0,-25333333035.9021,1784132.0,-26666634537.1,-122635592355.0,-9313740423.0,287642.0,46064161144.0,-31999999698.3927,West Virginia,WV,3,5,62246.135089999996,488.918898,55,738
55,155284.0,17083300.0,6797560.0,5741696.0,-666633483.6,-5292646999.0,-645937510.0,724305.0,156058179670.0,-4666666357.6971,42295.0,5754298.0,-1999966728.8999999,-8624872931.0,-1311939172.0,713430.0,161072415104.0,-5333333021.6367,42295.0,5762716.0,-3333300030.1,-9290019723.0,-1977728359.0,692672.0,168511508438.0,-6666666353.5324,42295.0,5777739.0,-3333299904.0,-7954930885.0,-1976743347.0,668200.0,177342773838.0,-6666666352.3371,42295.0,5790076.0,-3333299719.8,-7953205910.0,-2642463808.0,639145.0,184889907372.0,-5999999685.874001,42295.0,5806465.0,-3999966433.6,-11285521520.0,-2641768047.0,620910.0,191443600672.0,-5999999687.253201,5871677.0,-4666632224.4,-13948720376.0,-2639801247.0,610632.0,204711717006.0,-7999999684.399,5882145.0,-4666632027.2,-14610978931.0,-1970574922.0,611661.0,225738062738.0,-7999999683.9127,5892040.0,-3333298420.3,-15275409167.0,-1969061472.0,609003.0,237626218138.0,-5999999683.9478,Wisconsin,WI,2,3,139370.275032,4545.320188,72,783
56,0.0,2732710.0,14482.0,575723.0,-10666660051.1,-15992099867.0,-3995452234.0,64590.0,11212581072.0,-11333333265.6498,9744.0,578701.0,-10666659880.2,-23325240953.0,-4662128892.0,65335.0,11461610572.0,-10666666599.861,9744.0,579005.0,-10666659857.8,-25991506931.0,-4661936463.0,62935.0,12188424372.0,-11999999931.0461,9744.0,577502.0,-10666659684.2,-30658928360.0,-3995210479.0,62916.0,12781397772.0,-13333333262.8047,9744.0,576738.0,-11333326277.0,-29991856531.0,-4661509027.0,61941.0,12634725006.0,-14666666594.9959,9744.0,577008.0,-9999992898.8,-29991509352.0,-3994402744.0,60725.0,13250695506.0,-13333333264.5266,572492.0,-10666659381.5,-35991260761.0,-4660604459.0,60135.0,14672015972.0,-13333333262.3401,573595.0,-11999992930.9,-34657235166.0,-3326735446.0,59904.0,17933789304.0,-13333333262.8497,575523.0,-11333326114.7,-31989793044.0,-3993139278.0,60574.0,18318131038.0,-14666666594.5992,Wyoming,WY,4,8,165841.263893,1551.905227,23,176
60,0.0,0.0,0.0,0.0,0.0,0.0,0.0,0.0,0.0,0.0,0.0,0.0,0.0,0.0,0.0,0.0,0.0,0.0,0.0,0.0,0.0,0.0,0.0,0.0,0.0,0.0,0.0,0.0,0.0,0.0,0.0,0.0,0.0,0.0,0.0,0.0,0.0,0.0,0.0,0.0,0.0,0.0,0.0,0.0,0.0,0.0,0.0,0.0,0.0,0.0,0.0,0.0,0.0,0.0,0.0,0.0,0.0,0.0,0.0,0.0,0.0,0.0,0.0,0.0,0.0,0.0,0.0,0.0,0.0,0.0,0.0,American Samoa,AS,9,0,197.654131,6.550891,1,1
66,0.0,0.0,0.0,0.0,0.0,0.0,0.0,0.0,0.0,0.0,0.0,0.0,0.0,0.0,0.0,0.0,0.0,0.0,0.0,0.0,0.0,0.0,0.0,0.0,0.0,0.0,0.0,0.0,0.0,0.0,0.0,0.0,0.0,0.0,0.0,0.0,0.0,0.0,0.0,0.0,0.0,0.0,0.0,0.0,0.0,0.0,0.0,0.0,0.0,0.0,0.0,0.0,0.0,0.0,0.0,0.0,0.0,0.0,0.0,0.0,0.0,0.0,0.0,0.0,0.0,0.0,0.0,0.0,0.0,0.0,0.0,Guam,GU,9,0,542.825244,16.703565,1,7
69,0.0,0.0,0.0,0.0,0.0,0.0,0.0,0.0,0.0,0.0,0.0,0.0,0.0,0.0,0.0,0.0,0.0,0.0,0.0,0.0,0.0,0.0,0.0,0.0,0.0,0.0,0.0,0.0,0.0,0.0,0.0,0.0,0.0,0.0,0.0,0.0,0.0,0.0,0.0,0.0,0.0,0.0,0.0,0.0,0.0,0.0,0.0,0.0,0.0,0.0,0.0,0.0,0.0,0.0,0.0,0.0,0.0,0.0,0.0,0.0,0.0,0.0,0.0,0.0,0.0,0.0,0.0,0.0,0.0,0.0,0.0,Commonwealth of the Northern Mariana Islands,MP,9,0,305.212273,0.933721,3,3
72,57344.0,4421140.0,5897183.0,3580079.0,-1333328272.5,-1997525214.0,-665159991.0,1615438.0,36543478968.0,-1333333266.8971,9360.0,3526190.0,-1333328181.3,-3330883498.0,-665102504.0,1576457.0,36947374468.0,-1999999932.7012,9360.0,3465957.0,-1999994798.3,-3330813290.0,-1331758883.0,1542670.0,36696825902.0,-1999999932.2764,9360.0,3383967.0,-1333328003.7,-3997439136.0,-1331712696.0,1494625.0,36764683002.0,-1999999932.6552,9360.0,3315567.0,-1333327916.9,-3330686952.0,-1331649840.0,1448494.0,37243340002.0,-1999999932.5724,9360.0,3252628.0,-1999994568.1,-3330629604.0,-1331614470.0,1400432.0,38150568802.0,-2666666599.4265,3311274.0,-666660961.3,-4663954340.0,-664807043.0,1400997.0,40464663368.0,-1333333264.983,3272382.0,-666660879.0,-4663704952.0,-664599840.0,1368360.0,45287392568.0,-1333333265.0909,3254885.0,-666660796.6,-3996869231.0,-664449902.0,1340637.0,48623039368.0,-1333333265.3023999,Puerto Rico,PR,9,0,8833.968895,623.282865,78,132
78,0.0,0.0,49197.0,0.0,0.0,0.0,0.0,0.0,0.0,0.0,0.0,0.0,0.0,0.0,0.0,0.0,0.0,0.0,0.0,0.0,0.0,0.0,0.0,0.0,0.0,0.0,0.0,0.0,0.0,0.0,0.0,0.0,0.0,0.0,0.0,0.0,0.0,0.0,0.0,0.0,0.0,0.0,0.0,0.0,0.0,0.0,0.0,0.0,0.0,0.0,0.0,0.0,0.0,0.0,0.0,0.0,0.0,0.0,0.0,0.0,0.0,0.0,0.0,0.0,0.0,0.0,0.0,0.0,0.0,0.0,0.0,United States Virgin Islands,VI,9,0,342.626317,71.746096,3,6
